create database zy_central;
use zy_central;

CREATE TABLE `acl_config` (
  `id` int(10) unsigned NOT NULL AUTO_INCREMENT COMMENT '后台配置表',
  `pfrom_id` smallint(5) NOT NULL DEFAULT '0' COMMENT '平台id',
  `v_type` varchar(32) NOT NULL DEFAULT '' COMMENT '类型',
  `v_key` varchar(60) NOT NULL DEFAULT '' COMMENT '键',
  `v_name` varchar(32) NOT NULL DEFAULT '' COMMENT '键中文名',
  `v_value` varchar(255) NOT NULL DEFAULT '' COMMENT '对应值',
  `v_stat` tinyint(1) NOT NULL DEFAULT '1' COMMENT '是否可用',
  `v_update` datetime NOT NULL COMMENT '修改时间',
  PRIMARY KEY (`id`)
) ENGINE=InnoDB AUTO_INCREMENT=1 DEFAULT CHARSET=utf8;

INSERT INTO `acl_config` VALUES (1,1,'client','flash_version','前端版本号','205',1,'2018-03-12 14:58:32'),(2,1,'other','fcmURL','防沉迷','',1,'0000-00-00 00:00:00'),(3,1,'client','cdloadURL','微端下载地址','\'\'',1,'0000-00-00 00:00:00'),(4,1,'other','fcmFlag','防沉迷已关闭','1',1,'0000-00-00 00:00:00'),(5,1,'other','close_pay','是否屏蔽充值0-1','0',1,'0000-00-00 00:00:00'),(6,1,'other','use_shared_obj','是否开启本地缓存','1',1,'0000-00-00 00:00:00'),(7,1,'account','yanghaoyu','','',1,'0000-00-00 00:00:00'),(8,1,'kama','key_50022','新手礼包','1000',1,'0000-00-00 00:00:00'),(9,1,'kama','key_50023','特权礼包','1000',1,'0000-00-00 00:00:00'),(10,1,'kama','key_50027','等级礼包','1000',1,'0000-00-00 00:00:00'),(11,1,'kama','key_50024','VIP认证礼包','1000',1,'2017-12-07 20:29:04'),(12,2,'client','flash_version','常规|客户端版本控制(0-255数字)','205',1,'2018-03-12 14:58:38'),(13,2,'other','fcmURL','防沉迷','',1,'0000-00-00 00:00:00'),(14,2,'client','cdloadURL','微端下载地址','\'\'',1,'0000-00-00 00:00:00'),(15,2,'other','fcmFlag','防沉迷已关闭','1',1,'0000-00-00 00:00:00'),(16,2,'other','close_pay','是否屏蔽充值0-1','0',1,'0000-00-00 00:00:00'),(17,2,'other','use_shared_obj','是否开启本地缓存','1',1,'0000-00-00 00:00:00'),(18,3,'client','flash_version','常规|客户端版本控制(0-255数字)','205',1,'2018-03-12 14:58:45'),(19,3,'other','fcmURL','防沉迷','',1,'0000-00-00 00:00:00'),(20,3,'client','cdloadURL','微端下载地址','\'\'',1,'0000-00-00 00:00:00'),(21,3,'other','fcmFlag','防沉迷已关闭','1',1,'0000-00-00 00:00:00'),(22,3,'other','close_pay','是否屏蔽充值0-1','0',1,'0000-00-00 00:00:00'),(23,3,'other','use_shared_obj','是否开启本地缓存','1',1,'0000-00-00 00:00:00'),(24,3,'kama','key_50022','新手礼包','1000',1,'2017-12-08 11:19:02'),(25,3,'kama','key_50023','特权礼包','1000',1,'2017-12-08 11:19:12'),(26,3,'kama','key_50024','VIP认证礼包','1000',1,'2017-12-07 20:29:32'),(27,3,'kama','key_50027','等级礼包','1000',1,'0000-00-00 00:00:00'),(28,1,'kama','key_50025','VIP新游礼包','1000',1,'0000-00-00 00:00:00'),(29,1,'kama','key_50026','VIP节日礼包','1000',1,'0000-00-00 00:00:00'),(30,1,'kama','key_50028','微信礼包','1000',1,'0000-00-00 00:00:00'),(31,1,'kama','key_5593','会员首页礼包','1000',1,'0000-00-00 00:00:00'),(32,1,'kama','key_5594','会员特权初级礼包','1000',1,'0000-00-00 00:00:00'),(33,1,'kama','key_5595','会员特权中级礼包','1000',1,'0000-00-00 00:00:00'),(34,1,'kama','key_5596','会员特权高级礼包','1000',1,'0000-00-00 00:00:00'),(35,4,'client','flash_version','常规|客户端版本控制(0-255数字)','205',1,'2018-03-12 14:58:53'),(36,4,'other','fcmURL','防沉迷','',1,'0000-00-00 00:00:00'),(37,4,'client','cdloadURL','微端下载地址','\'\'',1,'0000-00-00 00:00:00'),(38,4,'other','fcmFlag','防沉迷已关闭','1',1,'0000-00-00 00:00:00'),(39,4,'other','close_pay','是否屏蔽充值0-1','0',1,'0000-00-00 00:00:00'),(40,4,'other','use_shared_obj','是否开启本地缓存','1',1,'0000-00-00 00:00:00'),(41,1,'other','whitelist','白名单','|1140000000549110|1140000000609168|1140000000551827|',1,'2017-12-26 14:47:37'),(42,1,'kama','key_50062','预约礼包','10000',1,'0000-00-00 00:00:00'),(43,1,'kama','key_50063','抽奖礼包1','10000',1,'0000-00-00 00:00:00'),(44,1,'kama','key_50064','抽奖礼包2','10000',1,'0000-00-00 00:00:00'),(45,1,'kama','key_50065','抽奖礼包3','10000',1,'0000-00-00 00:00:00'),(46,1,'kama','key_50069','YY神仙劫玩家专属','10000',1,'0000-00-00 00:00:00'),(47,1,'kama','key_50070','预约集结礼包','10000',1,'0000-00-00 00:00:00'),(48,1,'kama','key_50071','新手礼包（yy手游）','3000',1,'2018-01-04 14:11:27'),(49,1,'kama','key_50072','渠道礼包（yy手游）','3000',1,'2018-01-04 14:11:42'),(50,0,'other','warning_server','剩余服务器报警数量（默认）','5',1,'2018-01-09 18:15:57'),(51,0,'other','warning_num','注册人数上限报警数量（默认）','10',1,'2018-03-14 20:42:17'),(52,0,'other','notice_login','登录检查周期（默认：秒）','18000',1,'0000-00-00 00:00:00'),(53,0,'other','notice_pay','充值检查周期（默认：秒）','18000',1,'0000-00-00 00:00:00'),(54,1,'other','warning_server','剩余服务器报警数量（默认）','0',1,'2018-01-09 18:16:02'),(55,1,'other','warning_num','注册人数上限报警数量（默认）','0',1,'2018-01-09 18:14:48'),(56,1,'other','notice_login','登录检查周期（默认：秒）','0',1,'2018-01-09 18:16:14'),(57,1,'other','notice_pay','充值检查周期（默认：秒）','0',1,'2018-01-09 18:16:34'),(58,3,'other','warning_server','剩余服务器报警数量（默认）','0',1,'2018-01-09 18:15:48'),(59,3,'other','warning_num','注册人数上限报警数量（默认）','0',1,'2018-01-09 18:14:53'),(60,3,'other','notice_login','登录检查周期（默认：秒）','0',1,'2018-01-09 18:16:19'),(61,3,'other','notice_pay','充值检查周期（默认：秒）','0',1,'2018-01-09 18:16:38'),(62,4,'other','warning_server','剩余服务器报警数量（默认）','0',1,'2018-01-09 18:16:08'),(63,4,'other','warning_num','注册人数上限报警数量（默认）','0',1,'2018-01-09 18:15:33'),(64,4,'other','notice_login','登录检查周期（默认：秒）','0',1,'2018-01-09 18:16:24'),(65,4,'other','notice_pay','充值检查周期（默认：秒）','0',1,'2018-01-09 18:16:46'),(66,5,'client','flash_version','常规|客户端版本控制(0-255数字)','',1,'2018-01-31 09:59:56'),(67,5,'other','fcmURL','防沉迷','',1,'0000-00-00 00:00:00'),(68,5,'client','cdloadURL','微端下载地址','\'\'',1,'0000-00-00 00:00:00'),(69,5,'other','fcmFlag','防沉迷已关闭','1',1,'0000-00-00 00:00:00'),(70,5,'other','close_pay','是否屏蔽充值0-1','0',1,'0000-00-00 00:00:00'),(71,5,'other','use_shared_obj','是否开启本地缓存','1',1,'0000-00-00 00:00:00'),(72,6,'client','flash_version','常规|客户端版本控制(0-255数字)','205',1,'2018-03-12 14:58:59'),(73,6,'other','fcmURL','防沉迷','',1,'0000-00-00 00:00:00'),(74,6,'client','cdloadURL','微端下载地址','\'\'',1,'0000-00-00 00:00:00'),(75,6,'other','fcmFlag','防沉迷已关闭','1',1,'0000-00-00 00:00:00'),(76,6,'other','close_pay','是否屏蔽充值0-1','0',1,'0000-00-00 00:00:00'),(77,6,'other','use_shared_obj','是否开启本地缓存','1',1,'0000-00-00 00:00:00'),(78,6,'other','whitelist','白名单','|176388|',1,'2018-02-25 16:37:52'),(79,4,'other','whitelist','白名单','|176388|176417|',1,'2018-02-25 16:40:55'),(80,0,'other','warning_flow','导量（默认：50%）','0',1,'0000-00-00 00:00:00'),(81,1,'other','warning_flow','导量（默认：50%）','0',1,'0000-00-00 00:00:00'),(82,2,'other','warning_flow','导量（默认：50%）','0',1,'0000-00-00 00:00:00'),(83,3,'other','warning_flow','导量（默认：50%）','0',1,'0000-00-00 00:00:00'),(84,4,'other','warning_flow','导量（默认：50%）','0',1,'0000-00-00 00:00:00'),(85,5,'other','warning_flow','导量（默认：50%）','0',1,'0000-00-00 00:00:00'),(86,6,'other','warning_flow','导量（默认：50%）','0',2,'0000-00-00 00:00:00'),(87,0,'other','warning_autoopen_1','自动开服5-10分钟内创角人数','1',1,'0000-00-00 00:00:00'),(88,0,'other','warning_autoopen_2','自动开服10-15分钟内创角人数','2',1,'0000-00-00 00:00:00'),(89,0,'other','warning_autoopen_3','自动开服15-60分钟内创角人数','5',1,'0000-00-00 00:00:00');

CREATE TABLE `acl_menu_url` (
  `id` int(11) unsigned NOT NULL AUTO_INCREMENT,
  `name` varchar(64) NOT NULL COMMENT '菜单名称',
  `url` varchar(255) DEFAULT NULL COMMENT '请求地址,菜单项可为空',
  `pid` int(11) DEFAULT '0' COMMENT '父节点',
  `sort` int(11) NOT NULL DEFAULT '0' COMMENT '排序',
  `isdir` tinyint(1) NOT NULL DEFAULT '0' COMMENT '是否目录',
  `display` tinyint(1) NOT NULL DEFAULT '1' COMMENT '0=>不显示,1=>显示',
  `isshow` int(1) NOT NULL DEFAULT '1' COMMENT '1角色授权是否显示',
  PRIMARY KEY (`id`),
  KEY `pid` (`pid`),
  KEY `display` (`display`),
  KEY `sort` (`sort`)
) ENGINE=InnoDB AUTO_INCREMENT=1 DEFAULT CHARSET=utf8 CHECKSUM=1 DELAY_KEY_WRITE=1 ROW_FORMAT=DYNAMIC COMMENT='菜单表';

LOCK TABLES `acl_menu_url` WRITE;
INSERT INTO `acl_menu_url` VALUES (1,'选择','',0,0,1,1,1),(2,'所有权限','/',1,0,0,1,1),(173,'系统设置',NULL,0,100,0,1,1),(176,'用户管理','/Acl/role/getUserList',173,10,0,1,1),(177,'角色管理','/Acl/role/getRoleList',173,5,0,1,1),(178,'资源管理','/Acl/resource/getResourceList',173,1,0,0,0),(179,'菜单管理','/Acl/menu/getMenuList',173,0,0,1,1),(198,'角色授权','/Acl/Role/power',173,101,0,1,0),(241,'菜单扩展3','',0,0,0,1,1),(242,'菜单扩展1','',0,0,0,1,1),(243,'菜单扩展2','',0,0,0,1,1),(244,'GM功能','',0,10,0,1,1),(245,'经济系统','',0,50,0,0,0),(246,'数据统计','',0,60,0,1,1),(247,'玩家信息','',0,70,0,1,1),(248,'全服功能','',0,80,0,0,0),(249,'运维管理','',0,90,0,1,1),(250,'封禁管理','',244,0,0,1,1),(251,'踢玩家下线','/Gm/role/kick',250,0,0,1,1),(252,'称号设置','/Gm/role/setguide',244,43,0,1,1),(253,'添加屏蔽字','/Gm/base/maskword',244,42,0,1,1),(254,'帮派管理','/Gm/base/guildmanage',244,52,0,1,1),(255,'发布公告','/Gm/base/notice',244,40,0,1,1),(256,'封禁账号','/Gm/role/banacc',250,0,0,1,1),(257,'封禁IP','/Gm/role/banip',250,0,0,0,1),(258,'封禁发言','/Gm/role/banchat',250,0,0,1,1),(259,'自言自语','/Gm/role/zyzy',250,0,0,0,1),(260,'封禁查询','/Gm/role/banquery',250,0,0,1,1),(261,'个人邮件审核','/Gm/email/list',273,0,0,1,1),(262,'个人邮件(物品)','/Gm/email/senditem',273,0,0,1,1),(263,'个人邮件(文字)','/Gm/email/sendmsg',273,0,0,1,1),(264,'仙踪邮件','tabs.php?pid=101',273,0,0,0,0),(265,'全服邮件','/Gm/test/sendmailall',273,0,0,0,1),(266,'群发邮件','/Gm/email/sendgroup',273,0,0,1,1),(267,'单服邮件','/Gm/email/sendsingle',273,0,0,1,1),(268,'信件查询','/Gm/email/info',273,0,0,1,1),(269,'邮件审批','tabs.php?pid=111',273,0,0,0,0),(270,'个人邮件审批','/Gm/send_mail_check.php',273,0,0,0,0),(271,'单服邮件审批','/Gm/email/chksendsingle',273,0,0,1,1),(272,'群发邮件审批','/Gm/email/chksendgroup',273,0,0,1,1),(273,'邮件管理','',244,0,0,1,1),(274,'赠送VIP','/Gm/role/sendvip',244,45,0,1,1),(275,'数据导出','/Gm/base/querydata',244,51,0,1,0),(276,'直接登陆玩家账号','/Gm/base/newloginbygm',244,53,0,1,0),(277,'聊天监控','/Gm/base/chatlog',244,47,0,1,1),(278,'玩家反馈','gm/player_advice.php',244,0,0,0,0),(279,'公告查询','/Gm/base/qnotice',244,41,0,1,0),(280,'维护公告','gm/server_maintain.php',244,0,0,0,0),(281,'内部号管理','',244,2,0,1,1),(283,'发放记录','gm/inner_record.php',244,0,0,0,0),(284,'充值区间(按笔数)','economy/pay_area.php',245,0,0,1,1),(285,'充值统计','tabs.php?pid=12',245,0,0,1,1),(286,'充值排行','economy/pay_rank.php',245,0,0,1,1),(287,'经济统计','',246,0,0,1,1),(288,'银两仙币统计','economy/money_stat.php',245,0,0,0,1),(289,'商城销售统计','/Statis/base/shopstat',560,0,0,1,1),(290,'道具跟踪查询','economy/item_follow.php',245,0,0,1,1),(291,'单服按天充值统计','economy/pay_day.php',245,0,0,1,1),(292,'按月充值统计','economy/pay_month.php',245,0,0,1,1),(293,'按时充值统计','economy/pay_hour.php',245,0,0,1,1),(294,'充值区间(按玩家)','economy/pay_area_sum.php',245,0,0,1,1),(295,'黄钻用户查询','economy/yellow_vip.php',245,0,0,1,1),(296,'蓝钻用户查询','economy/blue_vip.php',245,0,0,1,1),(297,'运营活动查询','economy/bbt.php',245,0,0,1,1),(298,'充值排行(按天)','economy/pay_rank_by_day.php',245,0,0,1,1),(299,'全服按天充值统计','economy/pay_day_global.php',245,0,0,1,1),(300,'全服按天分平台充值统计','economy/pay_day_global_platform.php',245,0,0,1,1),(301,'手游充值','economy/pay_mobile.php',245,0,0,1,1),(302,'公会充值','economy/pay_guild.php',245,0,0,1,1),(303,'阵营充值','tabs.php?pid=30',245,0,0,1,1),(304,'按天阵营充值','economy/pay_camp_day.php',245,0,0,1,1),(305,'按时阵营充值','economy/pay_camp_hour.php',245,0,0,1,1),(306,'注册统计','',246,0,0,1,1),(307,'登录统计','',246,0,0,1,1),(308,'每日在线','/Statis/base/glonline',558,0,0,1,1),(309,'当前在线用户','/Statis/base/curuseronline',246,0,0,1,1),(310,'按天登陆统计','/Statis/base/daydau',558,0,0,1,1),(311,'24小时充值','/Statis/payment/payhours',559,1,0,1,1),(312,'每日充值','/Statis/payment/paydays',559,2,0,1,1),(313,'每月充值','/Statis/payment/paymonths',559,3,0,1,1),(314,'充值区间','/Statis/payment/payrange',559,4,0,1,1),(315,'充值排行','/Statis/payment/paytop',559,5,0,1,1),(316,'按天注册统计','/Statis/base/dayreg',558,0,0,1,1),(317,'按时注册统计','/Statis/base/hourreg',558,0,0,1,1),(318,'按时登陆统计','/Statis/base/hourdau',558,0,0,1,1),(319,'等级分布(实时)','/Statis/base/leveldist',246,0,0,1,1),(320,'仙武超级会员','/Gm/base/supermb',244,45,0,0,1),(379,'在线数据','global/global_online.php',248,0,0,1,1),(380,'充值数据','tabs.php?pid=52',248,0,0,1,1),(381,'全服充值数据','global/global_pay.php',248,0,0,1,1),(382,'分区充值数据','global/global_pay_some.php',248,0,0,1,1),(383,'注册数据','global/global_install.php',248,0,0,1,1),(384,'登陆数据','global/global_dau.php',248,0,0,1,1),(385,'黄钻宠物数据','global/yellow_vip_sum.php',248,0,0,1,1),(386,'蓝钻宠物数据','global/blue_vip_sum.php',248,0,0,1,1),(387,'运营活动数据','tabs.php?pid=55',248,0,0,1,1),(388,'全服运营活动数据','global/bbt_sum.php',248,0,0,1,1),(389,'分区运营活动数据','global/bbt_sum_some.php',248,0,0,1,1),(390,'特定物品统计','tabs.php?pid=56',248,0,0,0,1),(391,'全服特定物品统计','global/item_sum.php',248,0,0,1,1),(392,'分区特定物品统计','global/item_sum_some.php',248,0,0,1,1),(393,'元宝消耗数据','global/global_gold_stat.php',248,0,0,1,1),(394,'商城销售数据','global/global_shop_stat.php',248,0,0,1,1),(395,'公告查询','global/notice_query.php',248,0,0,1,1),(396,'物品异常','global/item_warning.php',248,0,0,1,1),(397,'GM赠送元宝','global/mail_info_by_gm.php',248,0,0,1,1),(398,'全服统计','',246,110,0,1,1),(432,'服务器配置','/Ops/server/list',249,1,0,1,1),(433,'允许登陆IP','system/allow_ip.php',249,3,0,0,0),(434,'刷运维脚本','/Ops/server/ywrsf',249,5,0,1,0),(435,'刷脚本','/Gm/base/rsf',244,50,0,1,1),(436,'活动管理','/Ops/agent/activity',249,56,0,1,0),(437,'刷活动指令','/Ops/agent/refreshactivity',249,57,0,1,0),(438,'更新公告','gm/update_notice.php',249,0,0,0,0),(439,'平台管理','/Ops/agent/list',249,2,0,1,1),(440,'入口开关','system/logo_switch.php',249,10,0,0,0),(441,'sq','system/sq.php',249,0,0,0,0),(442,'log','system/log.php',249,0,0,0,0),(443,'查log服','system/error_log.php',249,0,0,0,0),(444,'GM账号','system/gm_update.php',249,0,0,0,0),(445,'消耗类型管理','/Ops/agent/ecotype',249,11,0,1,1),(446,'check','system/check.php',249,0,0,0,0),(447,'ios元宝补发','system/ios_pay.php',249,0,0,0,0),(448,'玩家信息','/Base/player/actorinfo',247,0,0,1,1),(449,'本服玩家信息','/Ply/player/actorinfo',247,50,0,0,0),(450,'玩家全服角色','player/actor_info_all.php',247,50,0,0,0),(451,'玩家物品','/Base/player/goodsinfo',247,3,0,1,1),(452,'充值记录','/Base/player/chargeinfo',247,50,0,1,1),(453,'元宝使用明细','/Base/player/goldinfo',247,5,0,1,1),(454,'仙币银两使用','/Base/player/moneyinfo',247,7,0,0,1),(455,'装备系统','/Base/player/equipinfo',247,10,0,1,1),(456,'玩家元宝按天统计','/Base/player/goldstatis',247,6,0,1,0),(457,'道具合成','player/equip_comitem_info.php',247,50,0,0,0),(458,'等级变化','player/equip_level_info.php',247,50,0,0,0),(459,'宝石镶嵌和摘除','player/equip_stone_info.php',247,50,0,0,0),(460,'当前装备','player/equip_info.php',247,50,0,0,0),(461,'翅膀系统','tabs.php?pid=220',247,50,0,0,0),(462,'当前翅膀','player/wing_info.php',247,50,0,0,0),(463,'声望消耗(升星进阶)','player/wing_expconsume_info.php',247,50,0,0,0),(464,'翅膀技能','player/wing_skill_info.php',247,50,0,0,0),(465,'翅膀转声望','player/wing_change_info.php',247,50,0,0,0),(466,'道具跟踪查询','/Base/users/itemsfollow',247,50,0,1,1),(467,'宠物系统','/Base/player/petinfo',247,50,0,1,1),(468,'当前宠物','player/pet_info.php',247,50,0,0,0),(469,'宠物日志','player/pet_follow_info.php',247,50,0,0,0),(470,'宠物装备','player/pet_equip_info.php',247,50,0,0,0),(471,'宝石','player/pet_stone_info.php',247,50,0,0,0),(472,'坐骑系统','tabs.php?pid=229',247,50,0,0,0),(473,'当前坐骑','player/mount_info.php',247,50,0,0,0),(474,'坐骑进阶','player/mount_stage_info.php',247,50,0,0,0),(475,'坐骑洗练','player/mount_xilian_info.php',247,50,0,0,0),(476,'灵根系统','tabs.php?pid=233',247,50,0,0,0),(477,'当前灵根','player/root_info.php',247,50,0,0,0),(478,'灵根点亮日志','player/root_lighten_info.php',247,50,0,0,0),(479,'法宝系统','tabs.php?pid=236',247,50,0,0,0),(480,'当前法宝','player/gem_info.php',247,50,0,0,0),(481,'提升法宝','player/gem_level_info.php',247,50,0,0,0),(482,'装备法宝','player/gem_wear_info.php',247,50,0,0,0),(483,'仙魂日志','player/gem_soul_info.php',247,50,0,0,0),(484,'斗法台','tabs.php?pid=241',247,50,0,0,0),(485,'斗法台挑战','player/fight_join.php',247,50,0,0,0),(486,'斗法台声望领取','player/fight_expget.php',247,50,0,0,0),(487,'排行榜','player/rank_list.php',247,50,0,0,0),(488,'玄都争霸','tabs.php?pid=252',247,50,0,0,0),(489,'仙宗排行','player/xuandu_guild.php',247,50,0,0,0),(490,'个人排行','player/xuandu_one.php',247,50,0,0,0),(491,'送花','player/item_songhua.php',247,50,0,0,0),(492,'集市任务','player/mission_market.php',247,50,0,0,0),(493,'背包','player/bag_info.php',247,50,0,0,0),(494,'秘籍','player/miji_info.php',247,50,0,0,0),(495,'仓库','/Base/player/goodsinfo',247,50,0,1,1),(496,'梦境仓库','player/mj_store_info.php',247,50,0,0,0),(497,'寄售','player/market_info.php',247,50,0,0,0),(498,'强化变化','player/equip_strong_info.php',247,50,0,0,0),(499,'洗练','/Base/player/xilianinfo',247,50,0,0,1),(500,'交易','/Base/player/tradelog',247,12,0,1,1),(501,'货币交易','player/deal_economy_info.php',247,50,0,0,0),(502,'道具交易','player/deal_counter_info.php',247,50,0,0,0),(503,'手机QQ','player/qq_mobile_info.php',247,50,0,0,0),(504,'帮派信息','/Base/player/guildinfo',247,50,0,0,1),(505,'IP记录','/Base/player/loginiplog',247,20,0,1,1),(507,'增加内部号','/Gm/role/addin',281,102,0,0,1),(508,'元宝发放申请','/Gm/role/ybsend',281,103,0,0,1),(509,'元宝审批','/Gm/role/ybsenddone',281,103,0,0,1),(510,'元宝获得记录','/Statis/base/goldget',560,104,0,1,1),(511,'元宝消耗记录','/Statis/base/goldpay',560,105,0,1,1),(512,'元宝消耗记录汇总','/Statis/base/goldallpay',560,106,0,1,1),(513,'银两仙币统计','/Statis/base/moneyxb',560,107,0,0,1),(514,'菜单列表','/Acl/menu/getMenuList',179,0,0,0,1),(515,'添加菜单','/Acl/Menu/addMenu',179,0,0,0,1),(516,'删除菜单','/Acl/Menu/delMenu',179,0,0,0,1),(517,'修改菜单','/Acl/Menu/editMenu',179,0,0,0,1),(518,'添加菜单-查找带回','/Acl/Menu/treelookup',179,0,0,0,1),(519,'角色列表','/Acl/role/getRoleList',177,0,0,0,1),(520,'角色授权','/Acl/Role/power',177,0,0,0,1),(521,'添加角色','/Acl/Role/addrole',177,0,0,0,1),(522,'修改角色','/Acl/Role/editrole',177,0,0,0,1),(523,'删除角色','/Acl/Role/delrole',177,0,0,0,1),(524,'用户列表','/Acl/role/getUserList',176,0,0,0,1),(525,'添加用户','/Acl/role/addUser',176,0,0,0,1),(526,'修改用户','/Acl/role/editUser',176,0,0,0,1),(527,'删除用户','/Acl/role/delUser',176,0,0,0,1),(528,'特定物品统计','/Statis/base/itemsum',560,110,0,0,1),(529,'留存统计','/Statis/base/flowsave',558,109,0,1,1),(530,'道具管理','/Gm/base/manageitem',249,446,0,1,1),(531,'元宝每日存量','/Statis/base/ybleave',560,450,0,1,1),(532,'收入统计','/Statis/base/incomestatistics',398,0,0,1,1),(533,'创角统计','/Statis/base/loginstatistics',398,447,0,1,1),(534,'账号留存率','/Statis/base/keepstatistics',398,448,0,1,1),(535,'按天在线统计','/Statis/base/onlinedaystatistics',398,449,0,1,1),(536,'在线按时统计','/Statis/base/onlinehourstatistics',398,450,0,0,1),(537,'综合打点统计','/Statis/base/usrload',558,451,0,1,1),(538,'收入分析','',246,452,0,1,1),(539,'月度数据查询','/Statis/payment/monthlydata',559,453,0,1,1),(540,'月充值总况','/Statis/payment/monthsrecharge',559,454,0,1,1),(541,'月消费总况','/Statis/payment/monthsexpense',559,455,0,1,1),(542,'充值对比','/Statis/payment/paycompare',559,456,0,1,1),(543,'充值按时点分布','/Statis/payment/payhoursdistribute',559,457,0,1,1),(544,'后台配置表','/Ops/agent/aclconfig',249,458,0,1,1),(545,'玩家反馈信息','/Gm/role/fbinfo',244,459,0,1,1),(546,'等级分布','/Statis/base/newleveldist',558,460,0,1,1),(547,'Loading流失率','/Statis/base/loadingchurnrate',558,461,0,1,1),(548,'在线活跃分析','/Statis/base/onlineactive',558,462,0,1,1),(549,'开服日数据','/Statis/base/onlinedaydata',557,463,0,1,1),(550,'充值频次','/Statis/base/payfrequency',559,464,0,1,1),(551,'元宝情况','/Statis/base/ybanalysis',560,465,0,1,1),(552,'区服一级日数据','/Statis/base/serverstairdata',557,466,0,1,1),(553,'每日数据表','/Statis/base/gpvinformation',557,467,0,1,1),(554,'路由配置','/Ops/server/route',249,468,0,1,1),(555,'道具销售统计','/Statis/base/propertysales',560,469,0,1,1),(556,'商城道具管理','/Gm/base/manageshopprop',249,470,0,1,1),(557,'基本信息','',246,471,0,1,1),(558,'玩家留存分析','',246,472,0,1,1),(559,'充值分析','',246,473,0,1,1),(560,'消费分析','',246,474,0,1,1),(561,'消费系统等级分布','/Statis/base/consumptionsystem',560,475,0,1,1),(562,'首日活跃分析','/Statis/base/activeanalyze',558,476,0,1,1),(563,'持续充值分析','/Statis/payment/continuepay',559,477,0,1,1),(564,'卡玛表管理','/Ops/agent/createkamatable',246,478,0,1,1),(565,'卡玛表管理','/Statis/base/createkamatable',246,479,0,0,1),(566,'玩家元宝剩余情况','/Statis/base/surplusyb',398,480,0,0,1),(568,'服务器管理','',244,1,0,1,1),(569,'申请新服','/Gm/base/servapply',568,481,0,1,1),(570,'新服审批','/Gm/base/servapplydone',568,481,0,1,1),(571,'新增服务器审批','/Gm/base/servapplydone2',249,0,0,1,1),(572,'IP黑名单','/Gm/role/ipblacklist',250,482,0,0,1),(573,'职业统计','/Statis/base/jobstatis',246,483,0,1,1),(574,'道具存量','/Statis/base/systemitemstock',246,484,0,0,1),(575,'首充统计','/Statis/payment/firstpaystatistics',246,485,0,1,1),(576,'合服统计','/Statis/payment/mergestatistics',246,486,0,1,1),(577,'玩家副本情况','/Base/player/rolefuben',247,487,0,1,1),(578,'玩家卡玛使用统计','/Base/player/rolekamastat',247,488,0,1,1),(579,'奖金池配置','/Gm/role/bonusconf',582,0,0,1,1),(580,'奖金池查询','/Gm/role/bonusquery',582,0,0,1,1),(581,'奖金发放','/Gm/role/bonussend',582,0,0,1,1),(582,'奖金池管理','',244,1,0,0,1),(588,'内部号总充值查询','/Gm/role/getinnerpaytotal',582,0,0,1,1),(590,'新增用户数据','/Statis/base/newuserdata',398,0,0,1,1),(591,'玩家注收比','/Statis/base/installpayradio',398,0,0,1,1),(592,'平台接入配置','/Ops/agent/agentconfig',249,0,0,1,1),(593,'选服页公告','/Gm/base/gamesnotice',244,44,0,1,1),(594,'收入总览','/Statis/base/income',398,489,0,1,1),(595,'预开服申请','/Ops/server/serverapply',249,490,0,1,1),(598,'合服列表','/Ops/server/mergeserver',249,491,0,1,1),(599,'福利配置(独代)','/Gm/inner/configurate',620,1,0,1,1),(600,'添加福利号','/Gm/inner/addin',281,1,0,1,1),(601,'主线任务打点','/Statis/base/taskload',558,452,0,1,1),(603,'福利号管理(独代)','/Gm/inner/yyinnerlist',620,3,0,1,1),(604,'商城消费统计','/Statis/Consumed/consumptionstat',560,492,0,1,1),(606,'操作日志','/Gm/inner/operatelog',281,4,0,1,1),(607,'发放排名','/Gm/inner/sendorder',281,5,0,1,1),(608,'添加福利号(独代)','/Gm/inner/yyaddin',620,2,0,1,1),(609,'福利奖金池(独代)','/Gm/inner/yysendbonus',620,4,0,1,1),(610,'高级福利号添加','/Gm/inner/yyaddadvance',620,5,0,1,1),(611,'福利号高级管理','/Gm/inner/manageadvance',620,6,0,1,1),(612,'福利发放日志','/Gm/inner/yyoperatelog',620,7,0,1,1),(613,'发放排名(含所有通道)','/Gm/inner/yysendorder',620,8,0,1,1),(614,'单账号特殊配置','/Gm/inner/speperconfigurate',620,9,0,1,1),(615,'单账号特殊配置日志','/Gm/inner/speperconfiglog',620,11,0,1,1),(616,'福利配置日志','/Gm/inner/configuratelog',620,14,0,1,1),(617,'福利号管理日志','/Gm/inner/manageinnerlog',620,15,0,1,1),(618,'福利奖金池','/Gm/inner/sendbonus',281,3,0,1,1),(619,'福利号管理','/Gm/inner/innerlist',281,2,0,1,1),(620,'独代内部号管理','',244,3,0,1,1),(622,'大R返利系统','',244,4,0,1,1),(625,'返利配置','Gm/rebate/rebateconfigure',622,494,0,1,1),(628,'返利物品配置','/Gm/Rebate/getrg',622,495,0,1,1),(634,'返利特殊配置','/Gm/Rebate/rebatespecialconfigure',622,497,0,1,1),(637,'自助返利','/Gm/Rebate/selfrebate',622,498,0,1,1),(640,'返利操作日志','/Gm/Rebate/rebatelog',622,499,0,1,1),(643,'返利天数配置日志','/Gm/Rebate/rebatedaylog',622,500,0,1,1),(646,'返利比例配置日志','/Gm/Rebate/rebateplog',622,501,0,1,1),(649,'返利物品配置日志','/Gm/Rebate/rebateglog',622,502,0,1,1),(652,'返利分析','/Gm/Rebate/analysis',622,502,0,1,1),(655,'单服特殊配置日志','/Gm/inner/speservconfiglog',620,13,0,1,1),(658,'七魄装备系统统计','Base/player/sevensoulstatics',247,503,0,0,1),(661,'战力统计区间','/Statis/base/combat',246,504,0,1,1),(664,'老玩家统计','Statis/Base/oldplayer',246,505,0,0,1),(667,'养成统计','Base/Player/develop',247,506,0,1,1),(670,'玩家装备阶数统计','/Base/Player/ordernumberstatis',247,507,0,1,1),(673,'前端打点统计','/Statis/base/clientload',558,508,0,1,1),(676,'单服特殊配置','/Gm/inner/speservconfigurate',620,12,0,1,1),(677,'前端报错日志','/Gm/base/clienterrorlog',244,509,0,1,1),(678,'综合数据统计','/Statis/base/userdatastatistics',246,506,0,1,1),(679,'设置GM号','/Gm/base/setgm',244,510,0,1,1),(680,'在线时长统计','/Statis/base/yyonline',558,511,0,1,1),(681,'运维更新','/Ops/server/rsf',249,512,0,1,1),(682,'综合打点统计','/Statis/base/zliucun',558,513,0,0,1),(683,'新服留存统计','/Statis/base/newserverflowsave',558,110,0,0,1),(685,'新服综合打点统计','/Statis/base/newserverzliucun',558,514,0,1,1),(686,'持续充值留存','/Statis/payment/newcontinuepay',559,515,0,1,1),(687,'实时充值','/Statis/payment/realtimepayment',559,6,0,1,1),(688,'添加统计道具id','/Gm/base/itemadd',244,516,0,1,1),(690,'[新]充值区间','/Statis/payment/payrangenew',559,517,0,1,1),(691,'玩家ip数据查询','/Base/player/actorip',247,518,0,1,1),(692,'每日实时对比','/Statis/base/contrastyester',246,519,0,1,1),(693,'新老服付费对比','/Statis/consumed/contrastpayexpend',246,520,0,1,1),(694,'国家人数分布','Statis/base/zylevel',246,521,0,1,1),(695,'赠送VIP查询','/Gm/role/querysendvip',244,46,0,1,1),(696,'合服分析','/Statis/Base/mergeanalysis',246,522,0,1,1),(697,'新单服邮件（新）','/Gm/email/sendemail',273,999,0,1,1),(698,'活动日志','/Ops/server/activityconf',249,58,0,1,1),(699,'GM号查询','/Gm/base/gmsearch',244,511,0,1,1),(700,'预警配置','/Gm/base/warningconf',244,1000,0,1,1),(701,'预警查看','/Gm/base/checkwarning',244,1001,0,1,1),(702,'趋势数据报表','/Statis/base/trenddata',246,1002,0,1,1),(703,'连服列表','/Ops/conserver/conectlists',249,1003,0,1,1),(704,'仙印统计','/Statis/base/xianyin',560,1004,0,1,1),(705,'查看连服','/Ops/conserver/index',249,1005,0,1,1),(706,'平台充值','/Statis/payment/datepaydatanew',559,1006,0,1,1),(707,'刷活动指令(新)','/Ops/agent/newrefreshactivity',249,58,0,1,1),(708,'连服日志','/Ops/conserver/log',249,1007,0,1,1),(709,'连服申请','/Ops/conserver/apply',249,1008,0,1,1),(710,'月数据留存分析','/Statis/payment/monthretention',559,1009,0,1,1),(711,'sw数据导出','/Gm/base/exportbyswoole',244,1010,0,1,1),(712,'跨服消费榜','/Statis/Consumed/CrossServiceSpend',246,1011,0,1,1),(714,'活动效果分析','/Statis/Economy/index',246,1012,0,1,1),(715,'发放对比','/Gm/inner/sendcontrast',620,1013,0,1,1),(716,'内部号充值排行','/Gm/inner/rechargeorder',620,1014,0,1,1),(717,'白名单管理','/Acl/Role/whiteList',244,1015,0,1,1),(718,'账号留存率2','/Statis/base/keepstatistics2',398,1016,0,1,1),(719,'每日充值(全服)','/Statis/base/paydays',398,1017,0,1,1),(720,'报警控制','/Gm/base/autoopenwarning',244,1018,0,1,1),(721,'刷活动指令（文本模式）','/Ops/agent/refreshactivitytext',249,1019,0,1,1),(722,'运维更新（文本模式）','/Ops/server/rsftext',249,1020,0,1,1),(723,'批量修改服务器状态','/Ops/server/changeserverstatus',249,1021,0,1,1),(724,'批量修改后台配置','/Ops/agent/flashversion',249,1022,0,1,1),(725,'报警联系人设置','/Gm/base/warningcontacts',244,1023,0,1,1);
UNLOCK TABLES;

CREATE TABLE `acl_permissions` (
  `id` int(11) unsigned NOT NULL AUTO_INCREMENT,
  `role_id` int(11) NOT NULL,
  `resource_id` int(11) NOT NULL,
  `permission` tinyint(1) unsigned NOT NULL DEFAULT '0' COMMENT '0:无权限访问，1:有权限访问',
  PRIMARY KEY (`id`),
  UNIQUE KEY `Unique` (`role_id`,`resource_id`,`permission`)
) ENGINE=InnoDB AUTO_INCREMENT=1 DEFAULT CHARSET=utf8 CHECKSUM=1 DELAY_KEY_WRITE=1 ROW_FORMAT=DYNAMIC COMMENT='权限表';

LOCK TABLES `acl_permissions` WRITE;
INSERT INTO `acl_permissions` VALUES (48,1,2,1),(436,2,251,1),(457,2,252,1),(456,2,253,1),(461,2,254,1),(454,2,255,1),(440,2,256,1),(439,2,258,1),(438,2,260,1),(445,2,261,1),(442,2,262,1),(449,2,263,1),(444,2,266,1),(447,2,267,1),(448,2,268,1),(443,2,271,1),(446,2,272,1),(93,2,274,1),(460,2,275,1),(462,2,276,1),(458,2,277,1),(455,2,279,1),(526,2,432,1),(528,2,434,1),(459,2,435,1),(530,2,436,1),(531,2,437,1),(527,2,439,1),(529,2,445,1),(91,2,448,1),(92,2,451,1),(98,2,452,1),(520,2,453,1),(95,2,455,1),(521,2,456,1),(100,2,466,1),(101,2,467,1),(102,2,495,1),(96,2,500,1),(97,2,505,1),(532,2,530,1),(533,2,544,1),(463,2,545,1),(534,2,554,1),(535,2,556,1),(453,2,569,1),(452,2,570,1),(525,2,571,1),(522,2,577,1),(523,2,578,1),(524,2,592,1),(2898,2,595,1),(2899,2,598,1),(2711,2,677,1),(2897,2,679,1),(2900,2,681,1),(3032,2,703,1),(3033,2,705,1),(254,3,176,1),(170,3,177,1),(169,3,179,1),(2065,3,198,1),(123,3,251,1),(130,3,252,1),(131,3,253,1),(121,3,254,1),(120,3,255,1),(126,3,256,1),(127,3,258,1),(124,3,260,1),(105,3,261,1),(106,3,262,1),(113,3,263,1),(111,3,266,1),(108,3,267,1),(112,3,268,1),(109,3,271,1),(107,3,272,1),(114,3,274,1),(1903,3,275,1),(1906,3,276,1),(132,3,277,1),(1900,3,279,1),(134,3,289,1),(139,3,308,1),(140,3,309,1),(143,3,310,1),(148,3,311,1),(149,3,312,1),(150,3,313,1),(151,3,314,1),(152,3,315,1),(146,3,316,1),(147,3,317,1),(144,3,318,1),(141,3,319,1),(166,3,432,1),(2038,3,434,1),(129,3,435,1),(2041,3,436,1),(2044,3,437,1),(167,3,439,1),(168,3,445,1),(153,3,448,1),(154,3,451,1),(165,3,452,1),(155,3,453,1),(157,3,455,1),(2023,3,456,1),(160,3,466,1),(161,3,467,1),(162,3,495,1),(158,3,500,1),(159,3,505,1),(135,3,510,1),(136,3,511,1),(137,3,512,1),(1945,3,529,1),(2047,3,530,1),(2886,3,531,1),(1918,3,532,1),(1924,3,533,1),(1927,3,534,1),(1930,3,535,1),(1948,3,537,1),(1969,3,539,1),(1972,3,540,1),(1975,3,541,1),(1978,3,542,1),(1981,3,543,1),(2050,3,544,1),(1909,3,545,1),(1954,3,546,1),(1957,3,547,1),(1960,3,548,1),(2872,3,549,1),(1984,3,550,1),(1996,3,551,1),(2873,3,552,1),(2874,3,553,1),(2053,3,554,1),(1999,3,555,1),(2056,3,556,1),(2887,3,561,1),(2877,3,562,1),(1987,3,563,1),(2008,3,564,1),(1840,3,569,1),(1837,3,570,1),(2032,3,571,1),(2011,3,573,1),(2017,3,575,1),(2020,3,576,1),(2026,3,577,1),(2889,3,578,1),(1915,3,590,1),(1921,3,591,1),(2035,3,592,1),(3418,3,593,1),(1939,3,594,1),(2059,3,595,1),(2062,3,598,1),(1864,3,599,1),(1846,3,600,1),(1951,3,601,1),(1870,3,603,1),(2005,3,604,1),(1855,3,606,1),(1858,3,607,1),(1867,3,608,1),(1873,3,609,1),(1876,3,610,1),(1879,3,611,1),(1882,3,612,1),(1885,3,613,1),(1888,3,614,1),(1891,3,615,1),(1894,3,616,1),(1897,3,617,1),(1852,3,618,1),(1849,3,619,1),(2110,3,625,1),(2113,3,628,1),(2116,3,634,1),(2119,3,637,1),(2122,3,640,1),(2125,3,643,1),(2128,3,646,1),(2131,3,649,1),(2134,3,652,1),(2866,3,655,1),(2068,3,661,1),(2143,3,667,1),(2146,3,670,1),(2878,3,673,1),(2865,3,676,1),(2507,3,677,1),(2888,3,678,1),(2868,3,679,1),(2879,3,680,1),(2890,3,681,1),(2881,3,685,1),(2884,3,686,1),(2883,3,687,1),(2869,3,688,1),(2925,3,691,1),(2923,3,692,1),(2924,3,693,1),(2917,3,694,1),(3031,3,695,1),(2931,3,696,1),(2933,3,697,1),(2937,3,698,1),(2934,3,699,1),(2935,3,700,1),(2936,3,701,1),(2948,3,702,1),(2988,3,703,1),(3009,3,704,1),(3017,3,705,1),(3037,3,707,1),(3086,3,708,1),(3087,3,709,1),(3092,3,710,1),(3165,3,712,1),(3167,3,714,1),(3171,3,715,1),(3172,3,716,1),(3419,3,717,1),(3422,3,718,1),(3423,3,719,1),(3456,3,721,1),(3457,3,722,1),(3458,3,723,1),(3459,3,724,1),(2775,13,276,1),(2161,13,309,1),(853,13,432,1),(859,13,434,1),(844,13,435,1),(865,13,436,1),(868,13,437,1),(856,13,439,1),(862,13,445,1),(871,13,530,1),(874,13,544,1),(877,13,554,1),(880,13,556,1),(850,13,571,1),(847,13,592,1),(883,13,595,1),(1495,13,598,1),(2673,13,673,1),(2679,13,681,1),(3005,13,698,1),(2989,13,703,1),(1396,25,275,1),(1399,25,276,1),(1444,25,309,1),(1462,25,432,1),(1468,25,434,1),(1474,25,436,1),(1477,25,437,1),(1465,25,439,1),(1471,25,445,1),(1402,25,448,1),(1405,25,451,1),(1432,25,452,1),(1408,25,453,1),(1417,25,455,1),(1411,25,456,1),(1435,25,466,1),(1429,25,467,1),(1426,25,495,1),(1420,25,500,1),(1423,25,505,1),(1480,25,530,1),(1447,25,537,1),(1483,25,544,1),(1486,25,554,1),(1489,25,556,1),(1459,25,571,1),(1450,25,575,1),(1453,25,576,1),(1438,25,577,1),(1441,25,578,1),(1456,25,592,1),(1492,25,595,1),(2820,25,598,1),(2930,25,677,1),(2821,25,681,1),(3018,25,703,1),(3019,25,705,1),(3339,31,289,1),(2803,31,308,1),(2805,31,310,1),(3322,31,311,1),(3323,31,312,1),(3324,31,313,1),(3325,31,314,1),(3326,31,315,1),(2806,31,316,1),(2807,31,317,1),(2804,31,318,1),(3428,31,448,1),(3429,31,451,1),(3435,31,452,1),(3430,31,453,1),(3432,31,455,1),(3431,31,456,1),(3436,31,466,1),(3437,31,467,1),(3438,31,495,1),(3433,31,500,1),(3434,31,505,1),(3340,31,510,1),(3341,31,511,1),(3342,31,512,1),(2808,31,529,1),(3343,31,531,1),(3315,31,532,1),(3317,31,533,1),(3318,31,534,1),(3319,31,535,1),(2810,31,537,1),(3328,31,539,1),(3329,31,540,1),(3330,31,541,1),(3331,31,542,1),(3332,31,543,1),(2812,31,546,1),(2813,31,547,1),(2814,31,548,1),(3333,31,550,1),(3344,31,551,1),(2834,31,553,1),(3345,31,555,1),(3346,31,561,1),(2815,31,562,1),(3334,31,563,1),(3439,31,577,1),(3440,31,578,1),(2833,31,590,1),(3316,31,591,1),(3320,31,594,1),(2811,31,601,1),(3347,31,604,1),(3441,31,667,1),(3442,31,670,1),(2816,31,673,1),(2817,31,680,1),(2819,31,685,1),(3335,31,686,1),(3327,31,687,1),(3443,31,691,1),(3348,31,704,1),(3337,31,710,1),(2293,34,289,1),(3273,34,309,1),(2176,34,319,1),(2296,34,510,1),(2299,34,511,1),(2302,34,512,1),(2200,34,535,1),(2314,34,555,1),(2209,34,594,1),(2584,38,251,1),(2599,38,252,1),(2598,38,253,1),(2603,38,254,1),(2596,38,255,1),(2585,38,256,1),(2586,38,258,1),(2583,38,260,1),(2678,38,261,1),(2591,38,262,1),(2592,38,263,1),(2588,38,266,1),(2590,38,267,1),(2589,38,268,1),(2822,38,271,1),(3040,38,272,1),(2785,38,274,1),(2602,38,275,1),(2604,38,276,1),(2600,38,277,1),(2597,38,279,1),(2610,38,289,1),(2685,38,308,1),(2607,38,309,1),(2683,38,310,1),(2789,38,311,1),(2790,38,312,1),(2791,38,313,1),(2792,38,314,1),(2793,38,315,1),(2684,38,316,1),(2682,38,317,1),(2681,38,318,1),(2608,38,319,1),(2645,38,432,1),(2647,38,434,1),(2601,38,435,1),(2649,38,436,1),(2650,38,437,1),(2646,38,439,1),(2648,38,445,1),(2626,38,448,1),(2627,38,451,1),(2636,38,452,1),(2628,38,453,1),(2631,38,455,1),(2629,38,456,1),(2634,38,466,1),(2635,38,467,1),(2637,38,495,1),(2632,38,500,1),(2633,38,505,1),(2611,38,510,1),(2612,38,511,1),(2613,38,512,1),(2686,38,529,1),(2651,38,530,1),(3184,38,531,1),(2841,38,532,1),(2844,38,533,1),(2845,38,534,1),(2846,38,535,1),(2687,38,537,1),(2794,38,539,1),(2795,38,540,1),(2796,38,541,1),(2797,38,542,1),(2798,38,543,1),(2652,38,544,1),(2605,38,545,1),(2689,38,546,1),(2690,38,547,1),(2691,38,548,1),(2993,38,549,1),(2799,38,550,1),(2616,38,551,1),(2994,38,552,1),(2995,38,553,1),(2653,38,554,1),(2617,38,555,1),(2654,38,556,1),(3183,38,560,1),(3185,38,561,1),(2692,38,562,1),(2800,38,563,1),(2619,38,564,1),(2595,38,569,1),(2594,38,570,1),(2644,38,571,1),(2620,38,573,1),(2622,38,575,1),(2623,38,576,1),(2638,38,577,1),(2639,38,578,1),(2843,38,590,1),(2842,38,591,1),(2643,38,592,1),(2847,38,594,1),(2655,38,595,1),(2656,38,598,1),(2891,38,599,1),(2688,38,601,1),(2893,38,603,1),(2618,38,604,1),(2892,38,608,1),(2894,38,609,1),(3164,38,611,1),(2624,38,661,1),(2641,38,667,1),(2895,38,670,1),(2693,38,673,1),(2606,38,677,1),(2801,38,678,1),(2710,38,679,1),(2694,38,680,1),(2896,38,681,1),(2850,38,685,1),(3182,38,687,1),(2991,38,688,1),(3188,38,691,1),(3186,38,692,1),(2996,38,693,1),(3187,38,694,1),(2997,38,696,1),(2990,38,697,1),(3020,38,698,1),(2938,38,699,1),(2939,38,700,1),(2940,38,701,1),(3168,38,702,1),(2998,38,703,1),(3176,38,704,1),(3036,38,705,1),(3038,38,707,1),(3088,38,708,1),(3089,38,709,1),(3166,38,712,1),(3169,38,714,1),(3034,43,706,1),(3109,46,251,1),(3113,46,253,1),(3116,46,254,1),(3111,46,255,1),(3108,46,256,1),(3107,46,258,1),(3110,46,260,1),(3146,46,261,1),(3100,46,262,1),(3101,46,263,1),(3104,46,266,1),(3103,46,267,1),(3102,46,268,1),(3148,46,271,1),(3147,46,272,1),(3149,46,274,1),(3115,46,275,1),(3117,46,276,1),(3114,46,277,1),(3112,46,279,1),(3120,46,309,1),(3121,46,319,1),(3138,46,432,1),(3161,46,439,1),(3155,46,445,1),(3122,46,448,1),(3123,46,451,1),(3132,46,452,1),(3124,46,453,1),(3126,46,455,1),(3125,46,456,1),(3131,46,466,1),(3130,46,467,1),(3129,46,495,1),(3127,46,500,1),(3128,46,505,1),(3152,46,510,1),(3153,46,511,1),(3154,46,531,1),(3156,46,532,1),(3151,46,537,1),(3162,46,544,1),(3118,46,545,1),(3163,46,556,1),(3157,46,564,1),(3159,46,571,1),(3133,46,577,1),(3134,46,578,1),(3160,46,592,1),(3144,46,598,1),(3135,46,667,1),(3136,46,670,1),(3119,46,677,1),(3137,46,691,1),(3150,46,695,1),(3158,46,696,1),(3105,46,697,1),(3139,46,698,1),(3140,46,703,1),(3141,46,705,1),(3142,46,708,1),(3143,46,709,1),(3190,48,251,1),(3274,48,254,1),(3202,48,255,1),(3191,48,256,1),(3192,48,258,1),(3193,48,260,1),(3194,48,262,1),(3195,48,263,1),(3196,48,266,1),(3197,48,267,1),(3198,48,268,1),(3205,48,276,1),(3204,48,277,1),(3203,48,279,1),(3275,48,289,1),(3223,48,308,1),(3224,48,310,1),(3233,48,311,1),(3237,48,315,1),(3225,48,316,1),(3226,48,317,1),(3227,48,318,1),(3209,48,319,1),(3257,48,448,1),(3258,48,451,1),(3264,48,452,1),(3259,48,453,1),(3261,48,455,1),(3260,48,456,1),(3265,48,466,1),(3266,48,467,1),(3267,48,495,1),(3262,48,500,1),(3263,48,505,1),(3276,48,510,1),(3277,48,511,1),(3278,48,512,1),(3228,48,529,1),(3279,48,531,1),(3229,48,537,1),(3206,48,545,1),(3230,48,546,1),(3231,48,548,1),(3280,48,551,1),(3281,48,555,1),(3200,48,569,1),(3201,48,570,1),(3268,48,577,1),(3269,48,578,1),(3249,48,661,1),(3270,48,667,1),(3271,48,670,1),(3207,48,677,1),(3250,48,678,1),(3272,48,691,1),(3251,48,692,1),(3252,48,693,1),(3253,48,694,1),(3254,48,696,1),(3255,48,702,1),(3256,48,712,1),(3282,49,250,1),(3283,49,251,1),(3290,49,254,1),(3284,49,256,1),(3285,49,258,1),(3286,49,260,1),(3287,49,262,1),(3288,49,263,1),(3291,49,276,1),(3289,49,277,1),(3292,49,448,1),(3293,49,451,1),(3299,49,452,1),(3294,49,453,1),(3296,49,455,1),(3295,49,456,1),(3300,49,466,1),(3301,49,467,1),(3302,49,495,1),(3297,49,500,1),(3298,49,505,1),(3303,49,577,1),(3304,49,578,1),(3305,49,667,1),(3306,49,670,1),(3307,49,691,1),(3308,50,250,1),(3309,50,251,1),(3310,50,256,1),(3311,50,258,1),(3312,50,260,1),(3313,50,277,1),(3351,51,251,1),(3368,51,254,1),(3363,51,255,1),(3352,51,256,1),(3353,51,258,1),(3354,51,260,1),(3356,51,261,1),(3357,51,262,1),(3358,51,263,1),(3359,51,266,1),(3360,51,267,1),(3361,51,268,1),(3365,51,274,1),(3369,51,276,1),(3367,51,277,1),(3364,51,279,1),(3392,51,289,1),(3373,51,308,1),(3374,51,310,1),(3388,51,311,1),(3389,51,312,1),(3390,51,313,1),(3391,51,315,1),(3375,51,316,1),(3376,51,317,1),(3377,51,318,1),(3371,51,319,1),(3402,51,448,1),(3403,51,451,1),(3409,51,452,1),(3404,51,453,1),(3406,51,455,1),(3405,51,456,1),(3410,51,466,1),(3411,51,467,1),(3412,51,495,1),(3407,51,500,1),(3408,51,505,1),(3393,51,510,1),(3394,51,511,1),(3395,51,512,1),(3378,51,529,1),(3396,51,531,1),(3444,51,532,1),(3379,51,537,1),(3451,51,543,1),(3381,51,546,1),(3382,51,547,1),(3383,51,548,1),(3447,51,549,1),(3452,51,550,1),(3397,51,551,1),(3448,51,552,1),(3449,51,553,1),(3446,51,557,1),(3455,51,561,1),(3384,51,562,1),(3453,51,563,1),(3413,51,577,1),(3414,51,578,1),(3445,51,591,1),(3380,51,601,1),(3398,51,604,1),(3399,51,661,1),(3415,51,667,1),(3416,51,670,1),(3385,51,673,1),(3386,51,680,1),(3387,51,685,1),(3454,51,686,1),(3450,51,687,1),(3417,51,691,1),(3366,51,695,1),(3362,51,697,1),(3401,51,712,1),(3427,52,452,1),(3425,52,539,1),(3426,52,540,1),(3424,52,719,1),(3460,53,250,1),(3461,53,251,1),(3469,53,254,1),(3468,53,255,1),(3462,53,256,1),(3463,53,258,1),(3464,53,260,1),(3465,53,262,1),(3466,53,266,1),(3467,53,267,1),(3470,53,276,1),(3472,53,448,1),(3473,53,451,1),(3479,53,452,1),(3474,53,453,1),(3476,53,455,1),(3475,53,456,1),(3480,53,466,1),(3481,53,467,1),(3482,53,495,1),(3477,53,500,1),(3478,53,505,1),(3471,53,545,1),(3483,53,577,1),(3484,53,578,1),(3485,53,667,1),(3486,53,670,1),(3487,53,691,1);
UNLOCK TABLES;

CREATE TABLE `acl_resources` (
  `id` int(10) NOT NULL AUTO_INCREMENT,
  `pid` int(10) DEFAULT '0' COMMENT '父ID',
  `name` varchar(128) DEFAULT NULL,
  `requests` varchar(255) NOT NULL,
  `sort` int(10) unsigned NOT NULL DEFAULT '0' COMMENT '排序',
  `isdir` tinyint(1) DEFAULT '0' COMMENT '是不是目录',
  `isdisplay` tinyint(1) DEFAULT '1' COMMENT '是否显示',
  PRIMARY KEY (`id`),
  KEY `pid` (`pid`),
  KEY `requests` (`requests`),
  KEY `sort` (`sort`),
  KEY `isdir` (`isdir`)
) ENGINE=InnoDB AUTO_INCREMENT=1 DEFAULT CHARSET=utf8 CHECKSUM=1 DELAY_KEY_WRITE=1 ROW_FORMAT=DYNAMIC COMMENT='资源表';

LOCK TABLES `acl_resources` WRITE;
INSERT INTO `acl_resources` VALUES (29,155,'全部权限','/',0,0,1),(154,0,'系统设置','',16,1,1),(155,154,'资源管理','',0,1,1),(156,154,'用户管理','',0,1,1),(157,154,'角色管理','',0,1,1),(158,154,'菜单管理','',0,1,1),(159,155,'资源列表','/Acl/resource/getResourceList',0,0,1),(160,155,'添加资源','/Acl/resource/add',0,0,1),(161,155,'删除资源','/Acl/resource/delResource',0,0,1),(162,155,'修改资源','/Acl/resource/edit',0,0,1),(163,156,'用户列表','/Acl/role/getUserList',0,0,1),(164,156,'添加用户','/Acl/role/addUser',0,0,1),(165,156,'修改用户','/Acl/role/editUser',0,0,1),(166,156,'删除用户','/Acl/role/delUser',0,0,1),(167,157,'角色列表','/Acl/role/getRoleList',0,0,1),(168,158,'菜单列表','/Acl/menu/getMenuList',0,0,1),(169,158,'添加菜单','/Acl/Menu/addMenu',0,0,1),(170,158,'删除菜单','/Acl/Menu/delMenu',0,0,1),(171,158,'修改菜单','/Acl/Menu/editMenu',0,0,1),(188,157,'角色授权','/Acl/Role/power',0,0,1),(190,158,'添加菜单-查找带回','/Acl/Menu/treelookup',2,0,1),(191,155,'添加资源-查找带回','/Acl/resource/treelookup',3,0,1),(192,157,'添加角色','/Acl/Role/addrole',4,0,1),(193,157,'修改角色','/Acl/Role/editrole',5,0,1),(194,157,'删除角色','/Acl/Role/delrole',6,0,1),(266,0,'GM功能','',10,1,1),(267,0,'经济系统','',21,1,1),(268,0,'数据统计','',13,1,1),(269,0,'玩家信息','',14,1,1),(270,0,'运维管理','',15,1,1),(271,0,'全服功能','',20,1,1),(272,0,'菜单扩展2','',26,1,1),(273,0,'菜单扩展3','',27,1,1),(274,0,'菜单扩展4','',28,1,1),(343,267,'充值区间(按笔数)','economy/pay_area.php',0,0,1),(344,267,'充值统计','tabs.php?pid=12',0,0,1),(345,267,'充值排行','economy/pay_rank.php',0,0,1),(346,268,'经济统计','',0,1,1),(347,267,'银两仙币统计','economy/money_stat.php',0,0,1),(348,267,'商城销售统计','economy/shop_stat.php',0,0,1),(349,267,'道具跟踪查询','economy/item_follow.php',0,0,1),(350,267,'单服按天充值统计','economy/pay_day.php',0,0,1),(351,267,'按月充值统计','economy/pay_month.php',0,0,1),(352,267,'按时充值统计','economy/pay_hour.php',0,0,1),(353,267,'充值区间(按玩家)','economy/pay_area_sum.php',0,0,1),(354,267,'黄钻用户查询','economy/yellow_vip.php',0,0,1),(355,267,'蓝钻用户查询','economy/blue_vip.php',0,0,1),(356,267,'运营活动查询','economy/bbt.php',0,0,1),(357,267,'充值排行(按天)','economy/pay_rank_by_day.php',0,0,1),(358,267,'全服按天充值统计','economy/pay_day_global.php',0,0,1),(359,267,'全服按天分平台充值统计','economy/pay_day_global_platform.php',0,0,1),(360,267,'手游充值','economy/pay_mobile.php',0,0,1),(361,267,'公会充值','economy/pay_guild.php',0,0,1),(362,267,'阵营充值','tabs.php?pid=30',0,0,1),(363,267,'按天阵营充值','economy/pay_camp_day.php',0,0,1),(364,267,'按时阵营充值','economy/pay_camp_hour.php',0,0,1),(365,268,'注册统计','',0,1,1),(366,268,'登陆统计','tabs.php?pid=32',0,0,1),(367,268,'每日在线','/Statis/base/onlinedays',0,0,1),(368,268,'当前在线用户','/Statis/base/curuseronline',0,0,1),(369,366,'按天登陆统计','/Statis/base/daydau',0,0,1),(370,268,'24小时充值','/Statis/payment/payhours',0,0,1),(371,268,'每日充值','/Statis/payment/paydays',0,0,1),(372,268,'每月充值','/Statis/payment/paymonths',0,0,1),(373,268,'充值区间','/Statis/payment/payrange',0,0,1),(374,268,'充值排行','/Statis/payment/paytop',0,0,1),(375,365,'按天注册统计','/Statis/base/dayreg',0,0,1),(376,365,'按时注册统计','/Statis/base/hourreg',0,0,1),(377,366,'按时登陆统计','/Statis/base/hourdau',0,0,1),(378,268,'等级分布','/Statis/base/leveldist',0,0,1),(379,266,'御天超级会员','/Gm/base/supermb',0,0,1),(438,271,'在线数据','global/global_online.php',0,0,1),(439,271,'充值数据','tabs.php?pid=52',0,0,1),(440,271,'全服充值数据','global/global_pay.php',0,0,1),(441,271,'分区充值数据','global/global_pay_some.php',0,0,1),(442,271,'注册数据','global/global_install.php',0,0,1),(443,271,'登陆数据','global/global_dau.php',0,0,1),(444,271,'黄钻宠物数据','global/yellow_vip_sum.php',0,0,1),(445,271,'蓝钻宠物数据','global/blue_vip_sum.php',0,0,1),(446,271,'运营活动数据','tabs.php?pid=55',0,0,1),(447,271,'全服运营活动数据','global/bbt_sum.php',0,0,1),(448,271,'分区运营活动数据','global/bbt_sum_some.php',0,0,1),(449,271,'特定物品统计','tabs.php?pid=56',0,0,1),(450,271,'全服特定物品统计','global/item_sum.php',0,0,1),(451,271,'分区特定物品统计','global/item_sum_some.php',0,0,1),(452,271,'元宝消耗数据','global/global_gold_stat.php',0,0,1),(453,271,'商城销售数据','global/global_shop_stat.php',0,0,1),(454,271,'公告查询','global/notice_query.php',0,0,1),(455,271,'物品异常','global/item_warning.php',0,0,1),(456,271,'GM赠送元宝','global/mail_info_by_gm.php',0,0,1),(457,271,'数据导出','global/query_data.php',0,0,1),(490,270,'服务器配置','/Ops/server/list',0,0,1),(491,270,'允许登陆IP','system/allow_ip.php',0,0,1),(492,270,'刷运维脚本','system/ywrsf.php',0,0,1),(493,266,'刷脚本','/Gm/base/rsf',0,0,1),(494,270,'刷御天脚本','system/yt_rsf.php',0,0,1),(495,270,'刷手游脚本','system/mobile_rsf.php',0,0,1),(496,270,'更新公告','gm/update_notice.php',0,0,1),(497,270,'平台管理','/Ops/agent/list',0,0,1),(498,270,'入口开关','system/logo_switch.php',0,0,1),(499,270,'sq','system/sq.php',0,0,1),(500,270,'log','system/log.php',0,0,1),(501,270,'查log服','system/error_log.php',0,0,1),(502,270,'GM账号','system/gm_update.php',0,0,1),(503,270,'消耗类型管理','/Ops/agent/ecotype',0,0,1),(504,270,'check','system/check.php',0,0,1),(505,270,'ios元宝补发','system/ios_pay.php',0,0,1),(506,269,'玩家信息','/Base/player/actorinfo',0,0,1),(507,269,'本服玩家信息','player/actor_info.php',0,0,1),(508,269,'玩家全服角色','player/actor_info_all.php',0,0,1),(509,269,'玩家物品','/Base/player/goodsinfo',0,0,1),(510,269,'充值记录','/Base/player/chargeinfo',0,0,1),(511,269,'元宝使用','/Base/player/goldinfo',0,0,1),(512,269,'仙币银两使用','/Base/player/moneyinfo',0,0,1),(513,269,'装备系统','/Base/player/equipinfo',0,0,1),(514,269,'提品','player/equip_quality_info.php',0,0,1),(515,269,'道具合成','player/equip_comitem_info.php',0,0,1),(516,269,'等级变化','player/equip_level_info.php',0,0,1),(517,269,'宝石镶嵌和摘除','player/equip_stone_info.php',0,0,1),(518,269,'当前装备','player/equip_info.php',0,0,1),(519,269,'翅膀系统','tabs.php?pid=220',0,0,1),(520,269,'当前翅膀','player/wing_info.php',0,0,1),(521,269,'声望消耗(升星进阶)','player/wing_expconsume_info.php',0,0,1),(522,269,'翅膀技能','player/wing_skill_info.php',0,0,1),(523,269,'翅膀转声望','player/wing_change_info.php',0,0,1),(524,269,'道具跟踪查询','/Base/users/itemsfollow',0,0,1),(525,269,'宠物系统','/Base/player/petinfo',0,0,1),(526,269,'当前宠物','player/pet_info.php',0,0,1),(527,269,'宠物日志','player/pet_follow_info.php',0,0,1),(528,269,'宠物装备','player/pet_equip_info.php',0,0,1),(529,269,'宝石','player/pet_stone_info.php',0,0,1),(530,269,'坐骑系统','tabs.php?pid=229',0,0,1),(531,269,'当前坐骑','player/mount_info.php',0,0,1),(532,269,'坐骑进阶','player/mount_stage_info.php',0,0,1),(533,269,'坐骑洗练','player/mount_xilian_info.php',0,0,1),(534,269,'灵根系统','tabs.php?pid=233',0,0,1),(535,269,'当前灵根','player/root_info.php',0,0,1),(536,269,'灵根点亮日志','player/root_lighten_info.php',0,0,1),(537,269,'法宝系统','tabs.php?pid=236',0,0,1),(538,269,'当前法宝','player/gem_info.php',0,0,1),(539,269,'提升法宝','player/gem_level_info.php',0,0,1),(540,269,'装备法宝','player/gem_wear_info.php',0,0,1),(541,269,'仙魂日志','player/gem_soul_info.php',0,0,1),(542,269,'斗法台','tabs.php?pid=241',0,0,1),(543,269,'斗法台挑战','player/fight_join.php',0,0,1),(544,269,'斗法台声望领取','player/fight_expget.php',0,0,1),(545,269,'排行榜','player/rank_list.php',0,0,1),(546,269,'玄都争霸','tabs.php?pid=252',0,0,1),(547,269,'仙宗排行','player/xuandu_guild.php',0,0,1),(548,269,'个人排行','player/xuandu_one.php',0,0,1),(549,269,'送花','player/item_songhua.php',0,0,1),(550,269,'集市任务','player/mission_market.php',0,0,1),(551,269,'背包','player/bag_info.php',0,0,1),(552,269,'秘籍','player/miji_info.php',0,0,1),(553,269,'仓库','/Base/player/goodsinfo',0,0,1),(554,269,'梦境仓库','player/mj_store_info.php',0,0,1),(555,269,'寄售','player/market_info.php',0,0,1),(556,269,'强化变化','player/equip_strong_info.php',0,0,1),(557,269,'洗练','/Base/player/xilianinfo',0,0,1),(558,269,'交易','Base/player/tradelog',0,0,1),(559,269,'货币交易','player/deal_economy_info.php',0,0,1),(560,269,'道具交易','player/deal_counter_info.php',0,0,1),(561,269,'手机QQ','player/qq_mobile_info.php',0,0,1),(562,269,'帮派信息','/Base/player/guildinfo',0,0,1),(563,269,'IP记录','/Base/player/loginiplog',0,0,1),(565,700,'踢玩家下线','/Gm/role/kick',0,0,1),(570,700,'封禁账号','/Gm/role/banacc',0,0,1),(571,700,'封禁IP','/Gm/role/banip',0,0,1),(572,700,'封禁发言','/Gm/role/banchat',0,0,1),(573,700,'自言自语','/Gm/role/zyzy',0,0,1),(574,700,'封禁查询','/Gm/role/banquery',0,0,1),(700,266,'封禁管理','',0,1,1),(702,266,'称号设置','/Gm/role/setguide',0,0,1),(703,266,'添加屏蔽字','/Gm/base/maskword',0,0,1),(704,266,'赠送物品(到背包)','gm/give_goods.php',0,0,1),(705,266,'公告设置','/Gm/base/notice',0,0,1),(711,714,'个人邮件','/Gm/email/list',0,0,1),(712,714,'个人邮件(物品)','/Gm/email/senditem',0,0,1),(713,714,'个人邮件(文字)','/Gm/email/sendmsg',0,0,1),(714,266,'邮件管理','',0,1,1),(715,714,'全服邮件','gm/send_mail_all.php',0,0,1),(716,714,'群发邮件','/Gm/email/sendgroup',0,0,1),(717,714,'单服邮件','/Gm/email/sendsingle',0,0,1),(718,714,'信件查询','/Gm/email/info',0,0,1),(719,714,'邮件审批','tabs.php?pid=111',0,0,1),(720,714,'个人邮件审批','gm/send_mail_check.php',0,0,1),(721,714,'单服邮件审批','/Gm/email/chksendsingle',0,0,1),(722,714,'群发邮件审批','/Gm/email/chksendgroup',0,0,1),(723,714,'仙宗邮件','gm/tx_mail.php',0,0,1),(724,266,'赠送VIP','/Gm/role/sendvip',0,0,1),(725,266,'开启消费礼包活动','gm/set_consume_gifts.php',0,0,1),(726,266,'直接登陆玩家账号','gm/login_by_gm.php',0,0,1),(727,266,'聊天监控','gm/chat_log.php',0,0,1),(728,266,'玩家反馈','gm/player_advice.php',0,0,1),(729,266,'仙宗管理','gm/guild_manage.php',0,0,1),(730,266,'维护公告','gm/server_maintain.php',0,0,1),(731,266,'内部号管理','',0,1,1),(732,731,'元宝发放','/Gm/role/ybsend',0,0,1),(733,731,'发放记录','Gm/role/ybsenddone',0,0,1),(734,731,'增加内部号','',16,0,1),(735,346,'元宝获得记录','/Statis/base/goldget',17,0,1),(736,346,'元宝消耗记录','/Statis/base/goldpay',18,0,1),(737,346,'元宝消耗记录汇总','/Statis/base/goldallpay',19,0,1);
UNLOCK TABLES;

CREATE TABLE `acl_roles` (
  `id` int(11) NOT NULL AUTO_INCREMENT,
  `role_name` varchar(64) NOT NULL,
  PRIMARY KEY (`id`)
) ENGINE=InnoDB AUTO_INCREMENT=1 DEFAULT CHARSET=utf8 CHECKSUM=1 DELAY_KEY_WRITE=1 ROW_FORMAT=DYNAMIC COMMENT='角色表';

LOCK TABLES `acl_roles` WRITE;
INSERT INTO `acl_roles` VALUES (1,'超级管理员'),(2,'开发测试'),(3,'内部运营'),(13,'内部运维'),(25,'内部程序专用'),(31,'内部策划'),(34,'数值策划'),(38,'【开发】普通运营'),(43,'对账专用'),(46,'内部运营助理'),(48,'（联运）普通运营'),(49,'（联运）客服'),(50,'（联运）gs'),(51,'（独代）运营'),(52,'对账账号'),(53,'研发客服');
UNLOCK TABLES;

CREATE TABLE `acl_user_to_role` (
  `id` int(11) unsigned NOT NULL AUTO_INCREMENT,
  `user_id` int(11) unsigned NOT NULL,
  `role_id` int(11) unsigned NOT NULL,
  PRIMARY KEY (`id`),
  KEY `user_id` (`user_id`),
  KEY `role_id` (`role_id`)
) ENGINE=InnoDB AUTO_INCREMENT=1 DEFAULT CHARSET=utf8 CHECKSUM=1 DELAY_KEY_WRITE=1 ROW_FORMAT=DYNAMIC COMMENT='用户角色关系表';

LOCK TABLES `acl_user_to_role` WRITE;
INSERT INTO `acl_user_to_role` VALUES (1,1,1),(5,2,3),(6,5,2),(7,3,2),(9,6,3),(10,7,1),(13,10,2),(16,46,3),(49,55,13),(52,58,13),(82,88,25),(85,91,3),(91,97,13),(97,103,3),(103,109,3),(106,112,3),(109,115,34),(116,122,34),(119,125,1),(120,126,31),(174,180,38),(199,205,25),(210,216,25),(228,234,38),(234,240,2),(242,248,38),(243,249,25),(250,256,3),(251,257,3),(257,263,34),(258,264,34),(259,265,38),(262,268,52),(263,269,43),(273,279,38),(291,297,46),(296,302,25),(297,303,13),(298,304,25),(299,305,48),(300,306,34),(301,307,48),(302,308,49),(303,309,50),(304,310,48),(305,311,51),(306,312,52),(307,313,43),(308,314,53);
UNLOCK TABLES;

CREATE TABLE `acl_users` (
`id` int(11) unsigned NOT NULL AUTO_INCREMENT,
  `pfrom_id` smallint(5) unsigned NOT NULL DEFAULT '0' COMMENT '平台id',
  `username` varchar(64) NOT NULL,
  `password` varchar(64) NOT NULL,
  `email` varchar(100) DEFAULT NULL,
  `lastloginip` varchar(15) DEFAULT NULL COMMENT '最后登录IP',
  `lastlogintime` int(10) DEFAULT NULL COMMENT '最后登录时间',
  `stoptime` int(10) DEFAULT NULL COMMENT '失效期',
  `addtime` int(10) DEFAULT NULL COMMENT '添加时间',
  `comment` varchar(32) DEFAULT NULL,
  PRIMARY KEY (`id`),
  UNIQUE KEY `username` (`username`),
  KEY `stoptime` (`stoptime`)
) ENGINE=InnoDB AUTO_INCREMENT=1 DEFAULT CHARSET=utf8 CHECKSUM=1 DELAY_KEY_WRITE=1 ROW_FORMAT=DYNAMIC COMMENT='用户表';

LOCK TABLES `acl_users` WRITE;
INSERT INTO `acl_users` VALUES (1,9999,'admin','a484c9e5d2933294bc9ba27b37b76c16','liupeng@7yao.top','61.28.109.3',1520842695,0,NULL,NULL),(46,9999,'yanghaoyu','0d64b78bc0346633c598bc88781805df','yanghaoyu@7yao.top','61.28.109.3',1521028726,0,1475223242,'yanghaoyu'),(55,9999,'zhoule','36f17c3939ac3e7b2fc9396fa8e953ea','zhoule@7yao.top','119.130.104.91',1511947581,0,1476169491,'qy'),(58,9999,'xujinhao','73ab2c95a96028d248ceca214890f2e2','xujinhao@7yao.top','14.145.53.141',1502455405,0,1476670564,'qy'),(88,9999,'chaoyanqingchifan','0760351cc6e3fe72d5ee4eb83fc2f96b','liangchaoyan@7yao.top','119.130.104.91',1511879848,0,1476866151,'梁超炎'),(91,9999,'linhongwei','40e1b9c38f402b5bd416163f9bdb2d98','linhongwei@7yao.top','119.130.16.111',1511449231,0,1476894885,'qy'),(97,9999,'jiangguanghao','73ab2c95a96028d248ceca214890f2e2','jiangguanghao@7yao.top','119.130.105.5',1497326341,0,1479891128,'江广浩'),(103,9999,'chengxin','6637a7397a5407862853fa10139dff53','chengxin@7yao.top','219.136.9.146',1517644066,0,1481171931,'程鑫'),(106,9999,'yy_liuyongxing','e10adc3949ba59abbe56e057f20f883e','liuyongxing@7yao.top','119.131.168.2',1498481162,0,1481175438,'刘永兴'),(109,9999,'zhulin','46f94c8de14fb36680850768ff1b7f2a','zhulin@7yao.top','219.136.9.146',1518438114,0,1481177530,'qy'),(112,9999,'zhaobin','73ab2c95a96028d248ceca214890f2e2','zhaobin@7yao.top','119.130.104.20',1487265165,0,1481288763,'zhaobin'),(115,9999,'wangzelu','73ab2c95a96028d248ceca214890f2e2','wangzelu@7yao.top','119.130.19.3',1511587099,0,1481510880,'wangzelu'),(122,9999,'guanlei1','de4dd23fb39743dacc6d3e3138523bb6','guanlei@7yao.top','119.130.18.91',1511146765,0,1482210278,'官雷'),(125,9999,'liaoyongjie','73ab2c95a96028d248ceca214890f2e2','liaoyongjie@7yao.top','119.130.104.91',1511943264,0,1482896951,'qy'),(126,9999,'huangchunyue','e10adc3949ba59abbe56e057f20f883e','huangchunyue@7yao.top','219.136.9.146',1518351267,0,1482941298,'黄春越'),(205,9999,'chenzhigang','4f8b83234dfd6bef55766424d41faeb4','chenzhigang@7yao.top','119.130.104.101',1505362866,0,1484748143,'qy'),(216,9999,'luojie','18d6b8187e17e14986377e9ce252beb6','luojie@7yao.top','119.130.104.91',1511879893,0,1486488414,'qy'),(248,9999,'yangjiawei','1e55dbf412cb74d5e2c21fb6452408c7','yangjiawei@7yao.top','119.130.104.18',1510543823,0,1490584527,'yangjiawei'),(249,9999,'taomingjie','e9f8e0c7a383d5ba7e60ff2a5a739e5c','taomingjie@7yao.top','119.130.105.93',1507887728,0,1490628444,'qy'),(256,9999,'zhanganchao','a83407112161cc62edcdd44cd192e1ba','zhanganchao@7yao.top','219.136.9.146',1520824336,0,1491809096,'qy'),(257,9999,'lingbin','27a0fdc4f719daf25af6bb5315fb114a','linbing@7yao.top','119.130.18.245',1511510025,0,1491810085,'凌滨'),(265,9999,'chenjianxin','a5721016407ba20f8ff5c776f7026eb8','chenjianxin@7yao.top','119.130.16.144',1508226924,0,1493007137,'qy'),(268,9999,'wangqiong','f212c3dfba2be27f42197889c573b600','wangqiong@7yao.top','219.136.9.146',1520232502,0,1494214677,'qy'),(269,9999,'qiyaohuyudz','06b9c887b80725f6cddcc6fd5c2b411e','qiyaohu@7yao.top','',NULL,0,1495615378,'qy'),(279,9999,'zhaoyonghao','dc483e80a7a0bd9ef71d8cf973673924','zhaoyonghao@7yao.top','61.28.109.3',1520065022,0,1500880142,'赵泳豪'),(302,9999,'linjiaxian','e10adc3949ba59abbe56e057f20f883e','linjiaxian@7yao.top','61.28.109.3',1520924023,0,1512458324,'林家贤'),(303,9999,'liaofeng','e10adc3949ba59abbe56e057f20f883e','liaofeng@7yao.top','219.136.9.146',1521087522,0,1512458910,'廖丰'),(304,9999,'lichujiong','a10631217aba45df2d7538f2385162ba','lichujiong@7yao.top','61.28.109.3',1520340825,0,1512894881,'李楚炯'),(305,3,'shengshi_yunying','e10adc3949ba59abbe56e057f20f883e','shengshi@11.com','222.128.41.79',1516954371,0,1513415366,'圣识运营'),(306,9999,'luoguangqing','5d93ceb70e2bf5daa84ec3d0cd2c731a','luoguangqing@7yao.top','61.28.109.3',1520838176,0,1513673174,'罗广庆'),(307,2,'yy_jtfml','f010e190da923e1ad51f047603800b2f','jtfml@yy.com','219.131.195.21',1520330216,0,1513698949,'yy_运营'),(308,2,'yy_jtfmlkf','e10adc3949ba59abbe56e057f20f883e','jtfml@yy.com','219.131.195.19',1517564163,0,1513699100,'（联运）客服'),(309,2,'yy_jtfmlgs','e10adc3949ba59abbe56e057f20f883e','jtfml@yy.com','219.131.195.22',1513743006,0,1513699201,'（联运）gs防拉人'),(310,3,'shengshi123','e10adc3949ba59abbe56e057f20f883e','123@qq.com','119.129.253.117',1513774314,0,1513774300,'123'),(311,9999,'weishuang','6dc4e40e463f2c4391c326ca539d2c43','weishuang@yy.com','58.248.229.150',1521082111,0,1513774413,'魏爽（独代运营）'),(312,9999,'duizhang','93afc45de19835e75e8c3ad4afeeb667','yangjiawei@7yao.top','219.136.9.146',1519884543,0,1515040419,'对账专用'),(313,9999,'limiao','e10adc3949ba59abbe56e057f20f883e','limiao@7yao.top','',NULL,0,1519884822,'商务助理'),(314,6,'huangtengfei','e10adc3949ba59abbe56e057f20f883e','huangtengfei@7yao.top','219.136.9.146',1521029598,0,1521028900,'黄腾飞');
UNLOCK TABLES;

CREATE TABLE `co_counter_system` (
  `id` int(10) unsigned NOT NULL AUTO_INCREMENT,
  `pfrom_id` smallint(5) unsigned NOT NULL DEFAULT '1' COMMENT '平台id',
  `server_id` smallint(5) unsigned NOT NULL DEFAULT '0' COMMENT '区服ID',
  `count` int(10) unsigned DEFAULT '0' COMMENT '进阶数',
  `counter` varchar(32) DEFAULT NULL COMMENT '进阶类型',
  `value` varchar(32) DEFAULT NULL COMMENT '阶值',
  `phylum` varchar(32) DEFAULT NULL COMMENT '第几个法宝',
  `classfield` varchar(32) DEFAULT NULL COMMENT '神兵阶值',
  `kingdom` varchar(32) DEFAULT NULL COMMENT '法阵阶值',
  `co_date` date NOT NULL COMMENT '日期每天',
  PRIMARY KEY (`id`)
) ENGINE=InnoDB DEFAULT CHARSET=utf8;

CREATE TABLE `custom_face` (
  `id` int(10) unsigned NOT NULL AUTO_INCREMENT,
  `server_id` mediumint(8) unsigned NOT NULL DEFAULT '0' COMMENT '区服id',
  `actorid` int(10) unsigned NOT NULL DEFAULT '0' COMMENT '玩家角色id',
  `md5_actorid` varchar(55) NOT NULL COMMENT '玩家唯一标示',
  `status` tinyint(1) unsigned NOT NULL DEFAULT '1' COMMENT '审核状态1:未审2:通过3不通过',
  `logdate` datetime NOT NULL DEFAULT '0000-00-00 00:00:00' COMMENT '申请时间',
  PRIMARY KEY (`id`),
  KEY `md5_actorid` (`md5_actorid`)
) ENGINE=InnoDB DEFAULT CHARSET=utf8 COMMENT='玩家上传图片审核';

CREATE TABLE `ec_economy_5min` (
  `id` int(10) unsigned NOT NULL AUTO_INCREMENT,
  `pfrom_id` smallint(5) unsigned NOT NULL DEFAULT '1' COMMENT '平台id',
  `server_id` smallint(5) unsigned NOT NULL DEFAULT '0' COMMENT '区服id',
  `actorid` int(10) unsigned NOT NULL DEFAULT '0' COMMENT '玩家id',
  `account` varchar(64) NOT NULL DEFAULT '' COMMENT '账号',
  `yb` int(10) unsigned NOT NULL DEFAULT '0' COMMENT '元宝',
  `ec_date` datetime NOT NULL COMMENT '时间',
  `status` tinyint(5) unsigned NOT NULL DEFAULT '1' COMMENT '1未发送邮件,2已发送邮件',
  PRIMARY KEY (`id`)
) ENGINE=InnoDB DEFAULT CHARSET=utf8;

CREATE TABLE `ec_economy_dict` (
  `id` int(10) unsigned NOT NULL AUTO_INCREMENT,
  `eco_type` varchar(255) NOT NULL DEFAULT '' COMMENT '消耗类型',
  `eco_name` varchar(255) NOT NULL DEFAULT '' COMMENT '中文注释',
  `eco_params` varchar(255) NOT NULL DEFAULT '' COMMENT '对应phylum|classfield参数',
  PRIMARY KEY (`id`),
  UNIQUE KEY `type` (`eco_type`)
) ENGINE=InnoDB AUTO_INCREMENT=1 DEFAULT CHARSET=utf8;

CREATE TABLE `ec_economy_get` (
  `id` int(10) unsigned NOT NULL AUTO_INCREMENT,
  `currency` varchar(32) NOT NULL DEFAULT '' COMMENT '货币类型',
  `ec_type` varchar(255) NOT NULL DEFAULT '' COMMENT '获得类型',
  `ec_amount` int(10) unsigned NOT NULL DEFAULT '0' COMMENT '总额',
  `ec_count` int(10) unsigned NOT NULL DEFAULT '0' COMMENT '次数',
  `is_pay` tinyint(1) NOT NULL DEFAULT '0' COMMENT '是否是内部元宝',
  `pfrom_id` smallint(5) unsigned NOT NULL DEFAULT '1' COMMENT '平台id',
  `server_id` smallint(5) unsigned NOT NULL DEFAULT '0' COMMENT '区服ID',
  `ec_date` date NOT NULL COMMENT '日期每天',
  PRIMARY KEY (`id`),
  KEY `index_pf_date` (`ec_date`,`pfrom_id`)
) ENGINE=InnoDB AUTO_INCREMENT=1 DEFAULT CHARSET=utf8;

CREATE TABLE `ec_economy_pay` (
  `id` int(10) unsigned NOT NULL AUTO_INCREMENT,
  `currency` varchar(32) NOT NULL DEFAULT '' COMMENT '货币类型',
  `ec_type` varchar(255) NOT NULL DEFAULT '' COMMENT '消耗类型',
  `ec_amount` int(11) NOT NULL DEFAULT '0' COMMENT '消耗总额',
  `ec_count` int(11) unsigned NOT NULL DEFAULT '0' COMMENT '消耗次数',
  `a_count` int(11) NOT NULL DEFAULT '0' COMMENT '消耗人数',
  `is_pay` tinyint(1) NOT NULL DEFAULT '0' COMMENT '是否是内部元宝',
  `pfrom_id` smallint(5) unsigned NOT NULL DEFAULT '1' COMMENT '平台id',
  `server_id` smallint(5) unsigned NOT NULL DEFAULT '0' COMMENT '区服ID',
  `ec_date` date NOT NULL COMMENT '日期每天',
  PRIMARY KEY (`id`),
  KEY `index_pf_date` (`ec_date`,`pfrom_id`)
) ENGINE=InnoDB AUTO_INCREMENT=1 DEFAULT CHARSET=utf8;

CREATE TABLE `ec_economy_tmp` (
  `type` varchar(255) NOT NULL DEFAULT '' COMMENT '消耗类型',
  `sum` int(11) DEFAULT '0' COMMENT '消耗总额',
  `count` int(11) DEFAULT '0' COMMENT '消耗次数',
  `pfrom_id` smallint(5) unsigned NOT NULL DEFAULT '0' COMMENT '平台id',
  `server_id` smallint(5) unsigned NOT NULL DEFAULT '0' COMMENT '区服ID',
  `eco_date` date NOT NULL COMMENT '日期每天',
  PRIMARY KEY (`type`)
) ENGINE=InnoDB DEFAULT CHARSET=utf8;

CREATE TABLE `ec_economy_type` (
  `type` varchar(255) DEFAULT NULL COMMENT '消耗类型',
  `itemid` varchar(10) DEFAULT NULL COMMENT '物品ID'
) ENGINE=InnoDB DEFAULT CHARSET=utf8;

CREATE TABLE `ec_economy_warn_by` (
  `id` int(10) NOT NULL AUTO_INCREMENT,
  `pfrom_id` smallint(5) unsigned NOT NULL DEFAULT '1' COMMENT 'å¹³å°id',
  `server_id` smallint(5) unsigned NOT NULL DEFAULT '0' COMMENT 'åŒºæœid',
  `actorid` int(10) unsigned NOT NULL DEFAULT '0' COMMENT 'çŽ©å®¶id',
  `account` varchar(64) NOT NULL DEFAULT '' COMMENT 'è´¦å·',
  `by` int(10) unsigned NOT NULL DEFAULT '0' COMMENT 'ç»‘å®šå…ƒå®',
  `ec_date` datetime NOT NULL COMMENT 'æ—¶é—´',
  `status` tinyint(5) unsigned NOT NULL DEFAULT '1' COMMENT '1æœªå‘é€é‚®ä»¶,2å·²å‘é€é‚®ä»¶',
  PRIMARY KEY (`id`)
) ENGINE=InnoDB DEFAULT CHARSET=utf8;

CREATE TABLE `ec_economy_yb` (
  `id` int(10) unsigned NOT NULL AUTO_INCREMENT,
  `actorid` int(10) unsigned NOT NULL DEFAULT '0' COMMENT '玩家id',
  `kingdom` tinyint(1) NOT NULL DEFAULT '0' COMMENT '1.earning获取,2.消耗expenditure',
  `ec_amount` int(10) unsigned NOT NULL DEFAULT '0' COMMENT '总额',
  `is_pay` tinyint(1) NOT NULL DEFAULT '0' COMMENT '是否是内部元宝',
  `pfrom_id` smallint(5) unsigned NOT NULL DEFAULT '1' COMMENT '平台id',
  `server_id` smallint(5) unsigned NOT NULL DEFAULT '0' COMMENT '区服ID',
  `ec_date` date NOT NULL COMMENT '日期每天',
  PRIMARY KEY (`id`)
) ENGINE=InnoDB DEFAULT CHARSET=utf8;

CREATE TABLE `ec_economy_yb_keep` (
  `id` int(10) unsigned NOT NULL AUTO_INCREMENT,
  `pfrom_id` smallint(5) unsigned NOT NULL DEFAULT '1' COMMENT '平台id',
  `server_id` smallint(5) unsigned NOT NULL DEFAULT '0' COMMENT '区服ID',
  `ec_date` date NOT NULL COMMENT '日期每天',
  `ec_recharge` int(10) unsigned NOT NULL DEFAULT '0' COMMENT '充值元宝数',
  `ec_conse_yb` int(10) unsigned NOT NULL DEFAULT '0' COMMENT '消费非绑定元宝',
  `ec_conse_bin_yb` int(10) unsigned NOT NULL DEFAULT '0' COMMENT '消费绑定元宝',
  `ec_remain_yb` int(10) unsigned NOT NULL DEFAULT '0' COMMENT '元宝囤积:充值元宝数-消费非绑定元宝数',
  `ec_remain_ption` float unsigned NOT NULL DEFAULT '0' COMMENT '元宝囤积/充值元宝数\r\n',
  `ec_total_yb` int(10) unsigned NOT NULL DEFAULT '0' COMMENT '所有玩家元宝剩余量',
  PRIMARY KEY (`id`)
) ENGINE=InnoDB DEFAULT CHARSET=utf8;

CREATE TABLE `ec_economy_yb_range` (
  `id` int(10) unsigned NOT NULL AUTO_INCREMENT,
  `pfrom_id` smallint(5) unsigned NOT NULL DEFAULT '1' COMMENT '平台id',
  `server_id` smallint(5) unsigned NOT NULL DEFAULT '0' COMMENT '区服id',
  `ec_date` date NOT NULL COMMENT '日期',
  `account` varchar(64) NOT NULL DEFAULT '' COMMENT '账号名',
  `actorid` bigint(10) NOT NULL COMMENT '角色id',
  `actorname` varchar(64) NOT NULL DEFAULT '' COMMENT '角色名',
  `level` smallint(10) unsigned NOT NULL COMMENT '等级',
  `range_yb` smallint(5) unsigned NOT NULL COMMENT '剩余元宝范围',
  `remain_yb` int(10) unsigned NOT NULL COMMENT '剩余元宝',
  `pay_yb` int(10) unsigned NOT NULL DEFAULT '0' COMMENT '充值元宝',
  PRIMARY KEY (`id`),
  KEY `ecodate_pid_sid` (`ec_date`,`pfrom_id`,`server_id`) USING BTREE
) ENGINE=InnoDB AUTO_INCREMENT=1 DEFAULT CHARSET=utf8;

CREATE TABLE `ec_shop_items` (
  `id` int(10) unsigned NOT NULL AUTO_INCREMENT,
  `curency` varchar(32) NOT NULL DEFAULT '' COMMENT '元宝类型',
  `is_pay` tinyint(1) NOT NULL DEFAULT '0' COMMENT '1内部消耗',
  `itemid` int(10) NOT NULL DEFAULT '0' COMMENT '物品ID',
  `classfield` varchar(64) NOT NULL DEFAULT '' COMMENT '消耗类型',
  `sum` int(11) DEFAULT '0' COMMENT '消耗总额',
  `count` int(11) DEFAULT '0' COMMENT '消耗总数',
  `a_count` int(11) NOT NULL DEFAULT '0' COMMENT '消耗人数',
  `pfrom_id` smallint(5) unsigned NOT NULL DEFAULT '1' COMMENT '平台ID',
  `server_id` smallint(5) unsigned NOT NULL DEFAULT '1' COMMENT '区服ID',
  `eco_date` date NOT NULL COMMENT '日期每天',
  PRIMARY KEY (`id`),
  KEY `serverid_logdate` (`server_id`,`eco_date`)
) ENGINE=InnoDB AUTO_INCREMENT=1 DEFAULT CHARSET=utf8;

CREATE TABLE `ec_shop_tmp` (
  `itemid` varchar(10) NOT NULL DEFAULT '' COMMENT '物品ID',
  `sum` int(11) DEFAULT NULL COMMENT '消耗总额',
  `count` int(11) DEFAULT NULL COMMENT '消耗总数',
  `pfrom_id` smallint(5) unsigned NOT NULL DEFAULT '1' COMMENT '平台ID',
  `server_id` smallint(5) unsigned NOT NULL DEFAULT '0' COMMENT '区服ID',
  `eco_date` date NOT NULL COMMENT '日期每天',
  PRIMARY KEY (`itemid`)
) ENGINE=InnoDB DEFAULT CHARSET=utf8;

CREATE TABLE `ec_system_items` (
  `id` int(10) unsigned NOT NULL AUTO_INCREMENT,
  `item_id` int(10) unsigned NOT NULL DEFAULT '0' COMMENT '物品id',
  `item_name` varchar(128) NOT NULL DEFAULT '' COMMENT '物品名称',
  `status` tinyint(1) NOT NULL DEFAULT '1' COMMENT '是否可用',
  PRIMARY KEY (`id`),
  UNIQUE KEY `item_id` (`item_id`)
) ENGINE=InnoDB AUTO_INCREMENT=1 DEFAULT CHARSET=utf8;

CREATE TABLE `ec_system_type` (
  `big_type` varchar(100) NOT NULL DEFAULT '' COMMENT '大类',
  `small_type` varchar(100) NOT NULL DEFAULT '' COMMENT '小类',
  `economy_type` varchar(100) NOT NULL DEFAULT '' COMMENT '消耗类型'
) ENGINE=InnoDB DEFAULT CHARSET=utf8;

CREATE TABLE `log_login_by_gm` (
  `id` int(11) NOT NULL AUTO_INCREMENT,
  `pfrom_id` smallint(5) NOT NULL DEFAULT '1' COMMENT '平台ID',
  `accountname` varchar(60) NOT NULL,
  `log_url` varchar(255) NOT NULL,
  `gm` varchar(30) NOT NULL,
  `logdate` datetime NOT NULL,
  PRIMARY KEY (`id`)
) ENGINE=InnoDB AUTO_INCREMENT=1 DEFAULT CHARSET=utf8;

CREATE TABLE `mergeserv_analysis` (
  `id` int(10) unsigned NOT NULL AUTO_INCREMENT,
  `pfrom_id` mediumint(9) NOT NULL DEFAULT '0' COMMENT '平台id',
  `server_id` mediumint(8) unsigned NOT NULL DEFAULT '0' COMMENT '区服id',
  `merge_date` date NOT NULL DEFAULT '0000-00-00' COMMENT '合服日期',
  `type` tinyint(1) unsigned NOT NULL DEFAULT '1' COMMENT '玩家类型:1战力前10,2战力11-50',
  `day3` tinyint(3) unsigned NOT NULL DEFAULT '0' COMMENT '第三天流失',
  `day5` tinyint(3) unsigned NOT NULL DEFAULT '0' COMMENT '第五天流失',
  `day7` tinyint(3) unsigned NOT NULL DEFAULT '0' COMMENT '第七天流失',
  `day14` tinyint(3) unsigned NOT NULL DEFAULT '0' COMMENT '第十四天流失',
  PRIMARY KEY (`id`),
  KEY `sid` (`server_id`)
) ENGINE=InnoDB DEFAULT CHARSET=utf8 COMMENT='合服数据分析';

CREATE TABLE `photo` (
  `id` int(10) NOT NULL AUTO_INCREMENT,
  `name` varchar(32) NOT NULL,
  PRIMARY KEY (`id`)
) ENGINE=InnoDB DEFAULT CHARSET=utf8;

CREATE TABLE `s_server_merge` (
  `id` int(11) NOT NULL AUTO_INCREMENT,
  `order_id` int(11) NOT NULL DEFAULT '0' COMMENT '工单id',
  `game` varchar(20) NOT NULL DEFAULT '' COMMENT '游戏简称',
  `platform` varchar(20) NOT NULL DEFAULT '' COMMENT '平台名称',
  `pfrom_id` int(11) NOT NULL DEFAULT '0' COMMENT '平台id',
  `main_server` varchar(10) NOT NULL DEFAULT '' COMMENT '主服务器s1 ',
  `server` text NOT NULL COMMENT '服务器列表',
  `start_time` int(11) NOT NULL DEFAULT '0' COMMENT '合服开始时间',
  `upstate` tinyint(4) NOT NULL DEFAULT '0' COMMENT '0默认值 1成功 4 失败',
  `upinfo` varchar(255) NOT NULL DEFAULT '' COMMENT '失败信息',
  `add_time` int(11) NOT NULL DEFAULT '0' COMMENT '添加时间',
  `callback` tinyint(1) unsigned NOT NULL DEFAULT '2' COMMENT '1:已回调2:未回调',
  `m_infos` text NOT NULL COMMENT '合服信息',
  PRIMARY KEY (`id`)
) ENGINE=InnoDB DEFAULT CHARSET=utf8 COMMENT='合服信息表';

CREATE TABLE `servercmd` (
  `id` bigint(20) NOT NULL AUTO_INCREMENT,
  `serverid` int(11) DEFAULT '0' COMMENT '服务器id',
  `cmdid` int(11) DEFAULT '0' COMMENT '命令的id',
  `cmd` varchar(255) DEFAULT NULL COMMENT '命令名称',
  `param1` varchar(255) DEFAULT NULL COMMENT '参数1',
  `param2` varchar(255) DEFAULT NULL COMMENT '参数2',
  `param3` varchar(255) DEFAULT NULL COMMENT '参数3',
  `param4` varchar(255) DEFAULT NULL COMMENT '参数4',
  `param5` varchar(255) DEFAULT NULL COMMENT '参数5',
  `state` varchar(10) NOT NULL DEFAULT '3',
  `addTime` int(11) NOT NULL DEFAULT '0' COMMENT '添加时间',
  `sid` int(11) NOT NULL DEFAULT '0' COMMENT '返回sid',
  `plat` varchar(50) DEFAULT '' COMMENT '平台名称',
  PRIMARY KEY (`id`)
) ENGINE=InnoDB DEFAULT CHARSET=utf8 COMMENT='server cmd命令表';

CREATE TABLE `st_dau` (
  `id` int(10) unsigned NOT NULL AUTO_INCREMENT,
  `pfrom_id` smallint(5) unsigned NOT NULL DEFAULT '1' COMMENT '平台id',
  `server_id` smallint(5) unsigned NOT NULL DEFAULT '0' COMMENT '区服ID',
  `dau_date` date NOT NULL DEFAULT '0000-00-00' COMMENT '日期',
  `dau_hour` tinyint(1) NOT NULL DEFAULT '0' COMMENT '小时',
  `dau_count` int(10) unsigned NOT NULL DEFAULT '0' COMMENT '总人数',
  `channel` int(10) unsigned NOT NULL DEFAULT '0' COMMENT '渠道',
  PRIMARY KEY (`id`),
  KEY `dau_date` (`dau_date`),
  KEY `pfrom_id_server_id_date` (`pfrom_id`,`server_id`,`dau_date`)
) ENGINE=InnoDB AUTO_INCREMENT=1 DEFAULT CHARSET=utf8;

CREATE TABLE `st_dau_keep` (
  `id` int(10) unsigned NOT NULL DEFAULT '0',
  `pfrom_id` smallint(5) unsigned NOT NULL DEFAULT '1' COMMENT '平台id',
  `server_id` smallint(5) unsigned NOT NULL DEFAULT '0' COMMENT '区服ID',
  `accountname` varchar(64) NOT NULL DEFAULT '' COMMENT '账号',
  `actorid` int(10) NOT NULL DEFAULT '0' COMMENT '角色id',
  `st_level` int(10) unsigned NOT NULL DEFAULT '0' COMMENT '角色等级',
  `dayilyonline` int(10) unsigned NOT NULL DEFAULT '0' COMMENT '当天在线时长（秒）',
  `add_date` datetime NOT NULL COMMENT '统计时间'
) ENGINE=InnoDB DEFAULT CHARSET=utf8;

CREATE TABLE `st_first_active` (
  `id` int(10) unsigned NOT NULL AUTO_INCREMENT,
  `pfrom_id` smallint(5) unsigned NOT NULL DEFAULT '1' COMMENT '平台id',
  `server_id` smallint(5) unsigned NOT NULL DEFAULT '0' COMMENT '区服ID',
  `query_date` date DEFAULT '0000-00-00' COMMENT '查询日期',
  `statis_date` date DEFAULT '0000-00-00' COMMENT '统计日期',
  `range_1` int(10) unsigned DEFAULT '0' COMMENT '时长：0-10分钟',
  `range_2` int(10) unsigned DEFAULT '0' COMMENT '时长：11-30分钟',
  `range_3` int(10) unsigned DEFAULT '0' COMMENT '时长：31-60分钟',
  `range_4` int(10) unsigned DEFAULT '0' COMMENT '时长：[1-2h)',
  `range_5` int(10) unsigned DEFAULT '0' COMMENT '时长：[2-3h)',
  `range_6` int(10) unsigned DEFAULT '0' COMMENT '时长：[3-4h)',
  `range_7` int(10) unsigned DEFAULT '0' COMMENT '时长：[4-5h)',
  `range_8` int(10) unsigned DEFAULT '0' COMMENT '时长：[5-6h)',
  `range_9` int(10) unsigned DEFAULT '0' COMMENT '时长：[6-7h)',
  `range_10` int(10) unsigned DEFAULT '0' COMMENT '时长: [7-8h)',
  `range_11` int(10) unsigned DEFAULT '0' COMMENT '时长：[8-12h)',
  `range_12` int(10) unsigned DEFAULT '0' COMMENT '时长：[12-24h)',
  PRIMARY KEY (`id`),
  KEY `pfrom_id_server_id_date` (`pfrom_id`,`server_id`,`query_date`)
) ENGINE=InnoDB AUTO_INCREMENT=1 DEFAULT CHARSET=utf8;

CREATE TABLE `st_install` (
  `id` int(10) unsigned NOT NULL AUTO_INCREMENT,
  `pfrom_id` smallint(5) unsigned NOT NULL DEFAULT '1' COMMENT '平台id',
  `server_id` smallint(5) unsigned NOT NULL DEFAULT '0' COMMENT '区服ID',
  `channel` int(11) NOT NULL DEFAULT '0' COMMENT '渠道',
  `inst_date` date NOT NULL DEFAULT '0000-00-00' COMMENT '日期',
  `inst_hour` tinyint(1) NOT NULL DEFAULT '0' COMMENT '小时',
  `inst_count` int(10) unsigned NOT NULL DEFAULT '0' COMMENT '注册人数',
  `inst_choice` int(10) NOT NULL DEFAULT '0' COMMENT '到达选角页面的人数',
  `inst_enter` int(10) NOT NULL DEFAULT '0' COMMENT '进入场景人数',
  `time_tamps` int(11) NOT NULL DEFAULT '0' COMMENT '时间戳',
  PRIMARY KEY (`id`),
  KEY `inst_date` (`inst_date`),
  KEY `pfrom_id_server_id_date` (`pfrom_id`,`server_id`,`inst_date`)
) ENGINE=InnoDB AUTO_INCREMENT=1 DEFAULT CHARSET=utf8;

CREATE TABLE `st_install_keep` (
  `id` int(10) unsigned NOT NULL AUTO_INCREMENT,
  `pfrom_id` smallint(5) unsigned NOT NULL DEFAULT '1' COMMENT '平台',
  `server_id` smallint(5) unsigned NOT NULL DEFAULT '0' COMMENT '区服',
  `inst_date` date NOT NULL COMMENT '注册日期',
  `inst_count` int(10) unsigned NOT NULL DEFAULT '0' COMMENT '注册人数',
  `day1` int(10) NOT NULL DEFAULT '0' COMMENT '第一天',
  `day2` int(10) NOT NULL DEFAULT '0',
  `day3` int(10) NOT NULL DEFAULT '0',
  `day4` int(10) NOT NULL DEFAULT '0',
  `day5` int(10) NOT NULL DEFAULT '0',
  `day6` int(10) NOT NULL DEFAULT '0',
  `day7` int(10) NOT NULL DEFAULT '0',
  `day8` int(10) NOT NULL DEFAULT '0',
  `day9` int(10) NOT NULL DEFAULT '0',
  `day10` int(10) NOT NULL DEFAULT '0',
  `day11` int(10) NOT NULL DEFAULT '0',
  `day12` int(10) NOT NULL DEFAULT '0',
  `day13` int(10) NOT NULL DEFAULT '0',
  `day14` int(10) NOT NULL DEFAULT '0',
  `day15` int(10) NOT NULL DEFAULT '0',
  PRIMARY KEY (`id`),
  KEY `pfrom_id_server_id_date` (`pfrom_id`,`server_id`)
) ENGINE=InnoDB DEFAULT CHARSET=utf8;

CREATE TABLE `st_install_keep_account` (
  `id` int(10) unsigned NOT NULL AUTO_INCREMENT,
  `pfrom_id` smallint(5) unsigned NOT NULL DEFAULT '1' COMMENT '平台',
  `server_id` smallint(5) unsigned NOT NULL DEFAULT '0' COMMENT '区服',
  `channel` int(11) NOT NULL DEFAULT '0' COMMENT '渠道',
  `inst_date` date NOT NULL COMMENT '注册日期',
  `inst_count` int(10) unsigned NOT NULL DEFAULT '0' COMMENT '注册人数',
  `day1` int(10) NOT NULL DEFAULT '0' COMMENT '第一天',
  `day2` int(10) NOT NULL DEFAULT '0',
  `day3` int(10) NOT NULL DEFAULT '0',
  `day4` int(10) NOT NULL DEFAULT '0',
  `day5` int(10) NOT NULL DEFAULT '0',
  `day6` int(10) NOT NULL DEFAULT '0',
  `day7` int(10) NOT NULL DEFAULT '0',
  `day8` int(10) NOT NULL DEFAULT '0',
  `day9` int(10) NOT NULL DEFAULT '0',
  `day10` int(10) NOT NULL DEFAULT '0',
  `day11` int(10) NOT NULL DEFAULT '0',
  `day12` int(10) NOT NULL DEFAULT '0',
  `day13` int(10) NOT NULL DEFAULT '0',
  `day14` int(10) NOT NULL DEFAULT '0',
  `day15` int(10) NOT NULL DEFAULT '0',
  `day16` int(10) unsigned NOT NULL DEFAULT '0',
  `day17` int(10) unsigned NOT NULL DEFAULT '0',
  `day18` int(10) unsigned NOT NULL DEFAULT '0',
  `day19` int(10) unsigned NOT NULL DEFAULT '0',
  `day20` int(10) unsigned NOT NULL DEFAULT '0',
  `day21` int(10) unsigned NOT NULL DEFAULT '0',
  `day22` int(10) unsigned NOT NULL DEFAULT '0',
  `day23` int(10) unsigned NOT NULL DEFAULT '0',
  `day24` int(10) unsigned NOT NULL DEFAULT '0',
  `day25` int(10) unsigned NOT NULL DEFAULT '0',
  `day26` int(10) unsigned NOT NULL DEFAULT '0',
  `day27` int(10) unsigned NOT NULL DEFAULT '0',
  `day28` int(10) unsigned NOT NULL DEFAULT '0',
  `day29` int(10) unsigned NOT NULL DEFAULT '0',
  `day30` int(10) unsigned NOT NULL DEFAULT '0',
  `day40` int(10) unsigned NOT NULL DEFAULT '0',
  `day50` int(10) unsigned NOT NULL DEFAULT '0',
  `day60` int(10) unsigned NOT NULL DEFAULT '0',
  `day70` int(10) unsigned NOT NULL DEFAULT '0',
  `day80` int(10) unsigned NOT NULL DEFAULT '0',
  `day90` int(10) unsigned NOT NULL DEFAULT '0',
  PRIMARY KEY (`id`),
  KEY `pfrom_id_server_id_date` (`pfrom_id`,`server_id`)
) ENGINE=InnoDB AUTO_INCREMENT=1 DEFAULT CHARSET=utf8;

CREATE TABLE `st_install_pay_radio` (
  `id` int(10) unsigned NOT NULL AUTO_INCREMENT,
  `pfrom_id` smallint(5) unsigned NOT NULL DEFAULT '1' COMMENT '平台',
  `channel` int(10) unsigned NOT NULL DEFAULT '0' COMMENT '渠道表示',
  `server_id` smallint(5) unsigned NOT NULL DEFAULT '0' COMMENT '区服',
  `inst_date` date NOT NULL COMMENT '注册日期',
  `day1` double(10,2) NOT NULL DEFAULT '0.00' COMMENT '第一天',
  `day2` double(10,2) NOT NULL DEFAULT '0.00',
  `day3` double(10,2) NOT NULL DEFAULT '0.00',
  `day4` double(10,2) NOT NULL DEFAULT '0.00',
  `day5` double(10,2) NOT NULL DEFAULT '0.00',
  `day6` double(10,2) NOT NULL DEFAULT '0.00',
  `day7` double(10,2) NOT NULL DEFAULT '0.00',
  `day8` double(10,2) NOT NULL DEFAULT '0.00',
  `day9` double(10,2) NOT NULL DEFAULT '0.00',
  `day10` double(10,2) NOT NULL DEFAULT '0.00',
  `day11` double(10,2) NOT NULL DEFAULT '0.00',
  `day12` double(10,2) NOT NULL DEFAULT '0.00',
  `day13` double(10,2) NOT NULL DEFAULT '0.00',
  `day14` double(10,2) NOT NULL DEFAULT '0.00',
  `day15` double(10,2) NOT NULL DEFAULT '0.00',
  `day16` double(10,2) NOT NULL DEFAULT '0.00',
  `day17` double(10,2) NOT NULL DEFAULT '0.00',
  `day18` double(10,2) NOT NULL DEFAULT '0.00',
  `day19` double(10,2) NOT NULL DEFAULT '0.00',
  `day20` double(10,2) NOT NULL DEFAULT '0.00',
  `day21` double(10,2) NOT NULL DEFAULT '0.00',
  `day22` double(10,2) NOT NULL DEFAULT '0.00',
  `day23` double(10,2) NOT NULL DEFAULT '0.00',
  `day24` double(10,2) NOT NULL DEFAULT '0.00',
  `day25` double(10,2) NOT NULL DEFAULT '0.00',
  `day26` double(10,2) NOT NULL DEFAULT '0.00',
  `day27` double(10,2) NOT NULL DEFAULT '0.00',
  `day28` double(10,2) NOT NULL DEFAULT '0.00',
  `day29` double(10,2) NOT NULL DEFAULT '0.00',
  `day30` double(10,2) NOT NULL DEFAULT '0.00',
  `day31` double(10,2) NOT NULL DEFAULT '0.00',
  `day32` double(10,2) NOT NULL DEFAULT '0.00',
  `day33` double(10,2) NOT NULL DEFAULT '0.00',
  `day34` double(10,2) NOT NULL DEFAULT '0.00',
  `day35` double(10,2) NOT NULL DEFAULT '0.00',
  `day36` double(10,2) NOT NULL DEFAULT '0.00',
  `day37` double(10,2) NOT NULL DEFAULT '0.00',
  `day38` double(10,2) NOT NULL DEFAULT '0.00',
  `day39` double(10,2) NOT NULL DEFAULT '0.00',
  `day40` double(10,2) NOT NULL DEFAULT '0.00',
  `day41` double(10,2) NOT NULL DEFAULT '0.00',
  `day42` double(10,2) NOT NULL DEFAULT '0.00',
  `day43` double(10,2) NOT NULL DEFAULT '0.00',
  `day44` double(10,2) NOT NULL DEFAULT '0.00',
  `day45` double(10,2) NOT NULL DEFAULT '0.00',
  `day46` double(10,2) NOT NULL DEFAULT '0.00',
  `day47` double(10,2) NOT NULL DEFAULT '0.00',
  `day48` double(10,2) NOT NULL DEFAULT '0.00',
  `day49` double(10,2) NOT NULL DEFAULT '0.00',
  `day50` double(10,2) NOT NULL DEFAULT '0.00',
  `day51` double(10,2) NOT NULL DEFAULT '0.00',
  `day52` double(10,2) NOT NULL DEFAULT '0.00',
  `day53` double(10,2) NOT NULL DEFAULT '0.00',
  `day54` double(10,2) NOT NULL DEFAULT '0.00',
  `day55` double(10,2) NOT NULL DEFAULT '0.00',
  `day56` double(10,2) NOT NULL DEFAULT '0.00',
  `day57` double(10,2) NOT NULL DEFAULT '0.00',
  `day58` double(10,2) NOT NULL DEFAULT '0.00',
  `day59` double(10,2) NOT NULL DEFAULT '0.00',
  `day60` double(10,2) NOT NULL DEFAULT '0.00',
  `day61` double(10,2) NOT NULL DEFAULT '0.00',
  `day62` double(10,2) NOT NULL DEFAULT '0.00',
  `day63` double(10,2) NOT NULL DEFAULT '0.00',
  `day64` double(10,2) NOT NULL DEFAULT '0.00',
  `day65` double(10,2) NOT NULL DEFAULT '0.00',
  `day66` double(10,2) NOT NULL DEFAULT '0.00',
  `day67` double(10,2) NOT NULL DEFAULT '0.00',
  `day68` double(10,2) NOT NULL DEFAULT '0.00',
  `day69` double(10,2) NOT NULL DEFAULT '0.00',
  `day70` double(10,2) NOT NULL DEFAULT '0.00',
  `day71` double(10,2) NOT NULL DEFAULT '0.00',
  `day72` double(10,2) NOT NULL DEFAULT '0.00',
  `day73` double(10,2) NOT NULL DEFAULT '0.00',
  `day74` double(10,2) NOT NULL DEFAULT '0.00',
  `day75` double(10,2) NOT NULL DEFAULT '0.00',
  `day76` double(10,2) NOT NULL DEFAULT '0.00',
  `day77` double(10,2) NOT NULL DEFAULT '0.00',
  `day78` double(10,2) NOT NULL DEFAULT '0.00',
  `day79` double(10,2) NOT NULL DEFAULT '0.00',
  `day80` double(10,2) NOT NULL DEFAULT '0.00',
  `day81` double(10,2) NOT NULL DEFAULT '0.00',
  `day82` double(10,2) NOT NULL DEFAULT '0.00',
  `day83` double(10,2) NOT NULL DEFAULT '0.00',
  `day84` double(10,2) NOT NULL DEFAULT '0.00',
  `day85` double(10,2) NOT NULL DEFAULT '0.00',
  `day86` double(10,2) NOT NULL DEFAULT '0.00',
  `day87` double(10,2) NOT NULL DEFAULT '0.00',
  `day88` double(10,2) NOT NULL DEFAULT '0.00',
  `day89` double(10,2) NOT NULL DEFAULT '0.00',
  `day90` double(10,2) NOT NULL DEFAULT '0.00',
  `inst_count` mediumint(8) unsigned NOT NULL DEFAULT '0' COMMENT '按账号统计注册数',
  PRIMARY KEY (`id`),
  KEY `inst_date` (`inst_date`)
) ENGINE=InnoDB AUTO_INCREMENT=1 DEFAULT CHARSET=utf8;

CREATE TABLE `st_ip` (
  `id` int(10) unsigned NOT NULL AUTO_INCREMENT,
  `pfrom_id` smallint(5) unsigned NOT NULL DEFAULT '1' COMMENT '平台id',
  `server_id` smallint(5) unsigned NOT NULL DEFAULT '0' COMMENT '区服ID',
  `counter` varchar(32) NOT NULL DEFAULT '' COMMENT '加载位置分类',
  `kingdom` varchar(32) NOT NULL DEFAULT '' COMMENT '加载位置分类',
  `ip_date` date NOT NULL DEFAULT '0000-00-00' COMMENT '日期',
  `ip_count` int(10) unsigned NOT NULL DEFAULT '0' COMMENT '独立ip数',
  PRIMARY KEY (`id`),
  KEY `dau_date` (`ip_date`),
  KEY `pfrom_id_server_id_date` (`pfrom_id`,`server_id`,`ip_date`)
) ENGINE=InnoDB DEFAULT CHARSET=utf8 CHECKSUM=1 DELAY_KEY_WRITE=1 ROW_FORMAT=DYNAMIC COMMENT='加载位置独立ip';

CREATE TABLE `st_level` (
  `id` int(10) unsigned NOT NULL AUTO_INCREMENT,
  `pfrom_id` smallint(5) unsigned NOT NULL DEFAULT '1' COMMENT '平台id',
  `server_id` smallint(5) unsigned NOT NULL DEFAULT '0' COMMENT '区服ID',
  `lv_level` int(10) unsigned NOT NULL DEFAULT '0' COMMENT '等级',
  `lv_date` date NOT NULL DEFAULT '0000-00-00' COMMENT '日期',
  `lv_count` int(10) unsigned NOT NULL DEFAULT '0' COMMENT '当前等级总人数',
  `all_count` int(10) unsigned NOT NULL DEFAULT '0' COMMENT '当前区服所有玩家数',
  `dau_count` int(10) unsigned NOT NULL DEFAULT '0' COMMENT '当天在线超过4h',
  `pay_count` int(10) unsigned NOT NULL DEFAULT '0' COMMENT '付费的玩家',
  `dau_pay_count` int(10) unsigned NOT NULL DEFAULT '0' COMMENT '付费玩家在线超过4h',
  PRIMARY KEY (`id`),
  KEY `pfrom_id_server_id_date` (`pfrom_id`,`server_id`,`lv_date`)
) ENGINE=InnoDB AUTO_INCREMENT=1 DEFAULT CHARSET=utf8;

CREATE TABLE `st_level_system` (
  `id` int(10) unsigned NOT NULL AUTO_INCREMENT,
  `pfrom_id` smallint(5) unsigned NOT NULL DEFAULT '1' COMMENT '平台id',
  `server_id` smallint(5) unsigned NOT NULL DEFAULT '0' COMMENT '区服ID',
  `lv_type` varchar(32) NOT NULL DEFAULT '' COMMENT '系统等级类型',
  `lv_date` date NOT NULL DEFAULT '0000-00-00' COMMENT '统计日期',
  `lv_level` smallint(5) DEFAULT '0' COMMENT '当前等级',
  `lv_count` int(10) unsigned NOT NULL DEFAULT '0' COMMENT '当前等级总人数',
  `all_count` int(10) unsigned NOT NULL DEFAULT '0' COMMENT '当前区服所有玩家数',
  PRIMARY KEY (`id`),
  KEY `pfrom_id_server_id_date` (`pfrom_id`,`server_id`,`lv_date`)
) ENGINE=InnoDB DEFAULT CHARSET=utf8;

CREATE TABLE `st_loading` (
  `id` int(10) unsigned NOT NULL AUTO_INCREMENT,
  `pfrom_id` smallint(5) unsigned NOT NULL DEFAULT '1' COMMENT '平台id',
  `server_id` smallint(5) unsigned NOT NULL DEFAULT '0' COMMENT '区服ID',
  `load_date` date NOT NULL DEFAULT '0000-00-00' COMMENT '日期',
  `load_hour` tinyint(1) NOT NULL DEFAULT '0' COMMENT '小时',
  `counter` varchar(32) NOT NULL DEFAULT 'enter_game' COMMENT '分类：enter_game',
  `kingdom` varchar(32) NOT NULL DEFAULT '',
  `phylum` varchar(32) DEFAULT NULL,
  `load_count` int(10) NOT NULL DEFAULT '0' COMMENT '总人数',
  `channel` int(11) NOT NULL DEFAULT '0' COMMENT '渠道标识',
  PRIMARY KEY (`id`),
  KEY `pfrom_id_server_id_date` (`pfrom_id`,`server_id`,`load_date`)
) ENGINE=InnoDB AUTO_INCREMENT=1 DEFAULT CHARSET=utf8;

CREATE TABLE `st_loading_detail` (
  `id` int(10) unsigned NOT NULL AUTO_INCREMENT,
  `pfrom_id` smallint(5) unsigned NOT NULL DEFAULT '1' COMMENT '平台id',
  `server_id` smallint(5) unsigned NOT NULL DEFAULT '0' COMMENT '区服ID',
  `load_date` datetime NOT NULL COMMENT '日期',
  `load_hour` tinyint(1) NOT NULL DEFAULT '0' COMMENT '小时',
  `counter` varchar(32) NOT NULL COMMENT '分类',
  `kingdom` varchar(32) NOT NULL DEFAULT '' COMMENT '分类2',
  `phylum` varchar(32) NOT NULL DEFAULT '' COMMENT 'loading时间点',
  `ip` bigint(20) NOT NULL DEFAULT '0' COMMENT 'ip2long',
  `channel` int(11) NOT NULL DEFAULT '0' COMMENT '打点渠道',
  PRIMARY KEY (`id`),
  KEY `pfrom_id_server_id_date` (`pfrom_id`,`server_id`,`load_date`)
) ENGINE=InnoDB DEFAULT CHARSET=utf8;

CREATE TABLE `st_server_loading` (
  `id` int(10) unsigned NOT NULL AUTO_INCREMENT,
  `pfrom_id` smallint(5) unsigned NOT NULL DEFAULT '1' COMMENT '平台id',
  `server_id` smallint(5) unsigned NOT NULL DEFAULT '0' COMMENT '区服ID',
  `load_date` date NOT NULL DEFAULT '0000-00-00' COMMENT '日期',
  `load_hour` tinyint(1) NOT NULL DEFAULT '0' COMMENT '小时',
  `counter` varchar(32) NOT NULL DEFAULT 'enter_game' COMMENT '分类：enter_game',
  `kingdom` varchar(32) NOT NULL DEFAULT '',
  `phylum` varchar(32) DEFAULT NULL,
  `load_count` int(10) NOT NULL DEFAULT '0' COMMENT '总人数',
  `channel` int(11) NOT NULL DEFAULT '0' COMMENT '渠道标识',
  PRIMARY KEY (`id`),
  KEY `pfrom_id_server_id_date` (`pfrom_id`,`server_id`,`load_date`)
) ENGINE=InnoDB AUTO_INCREMENT=1 DEFAULT CHARSET=utf8;

CREATE TABLE `st_merge` (
  `id` int(10) unsigned NOT NULL AUTO_INCREMENT,
  `data_date` date NOT NULL COMMENT '统计日期',
  `pfrom_id` smallint(5) NOT NULL DEFAULT '1' COMMENT '平台id',
  `server_id` smallint(5) unsigned NOT NULL DEFAULT '0' COMMENT '区服id',
  `avg_online` float unsigned NOT NULL DEFAULT '0' COMMENT '前7日在线平均值',
  `max_online` int(10) unsigned NOT NULL DEFAULT '0' COMMENT '前7日在线峰值',
  `avg_dau` float unsigned NOT NULL DEFAULT '0' COMMENT '前7日登陆平局值',
  `avg_paynum` float unsigned NOT NULL DEFAULT '0' COMMENT '前7日充值人数平均值',
  `avg_paymount` float unsigned NOT NULL DEFAULT '0' COMMENT '前7日充值金额平均值',
  `total_paymount` int(10) unsigned NOT NULL DEFAULT '0' COMMENT '开服日截止到统计日总充值',
  `max_level` smallint(5) unsigned NOT NULL DEFAULT '0' COMMENT '最高等级',
  `max_fight_actor` int(10) unsigned NOT NULL DEFAULT '0' COMMENT '最高战力',
  `max_fight_guild` int(10) unsigned NOT NULL DEFAULT '0' COMMENT '最高帮派战力',
  `fight_10num_guilds` int(10) unsigned NOT NULL DEFAULT '0' COMMENT '战力前10名归属帮派数',
  `total20_fightsum` int(10) unsigned NOT NULL DEFAULT '0' COMMENT '前20名战力总和',
  `avg20_fightsum` float unsigned NOT NULL DEFAULT '0' COMMENT '前20名战力平均值',
  `loss20_fightnum` int(10) unsigned NOT NULL DEFAULT '0' COMMENT '前20名战力流失人数(前2日未登陆)',
  PRIMARY KEY (`id`)
) ENGINE=InnoDB DEFAULT CHARSET=utf8;

CREATE TABLE `st_online` (
  `id` int(10) unsigned NOT NULL AUTO_INCREMENT,
  `pfrom_id` smallint(5) unsigned NOT NULL DEFAULT '1' COMMENT '平台id',
  `server_id` smallint(5) unsigned NOT NULL DEFAULT '0' COMMENT '区服ID',
  `online_date` date NOT NULL DEFAULT '0000-00-00' COMMENT '日期',
  `curr_online` int(10) NOT NULL DEFAULT '0' COMMENT '当前在线',
  `max_online` int(10) unsigned NOT NULL DEFAULT '0' COMMENT '最大在线人数',
  `avg_online` float unsigned NOT NULL DEFAULT '0' COMMENT '平均在线人数',
  PRIMARY KEY (`id`),
  KEY `inst_date` (`online_date`),
  KEY `pfrom_id_server_id_date` (`pfrom_id`,`server_id`,`online_date`)
) ENGINE=InnoDB AUTO_INCREMENT=1 DEFAULT CHARSET=utf8;

CREATE TABLE `st_online_hour` (
  `id` int(10) unsigned NOT NULL AUTO_INCREMENT,
  `pfrom_id` smallint(5) unsigned NOT NULL DEFAULT '1' COMMENT '平台id',
  `server_id` smallint(5) unsigned NOT NULL DEFAULT '0' COMMENT '区服ID',
  `online_date` date NOT NULL DEFAULT '0000-00-00' COMMENT '日期',
  `online_hour` tinyint(2) NOT NULL DEFAULT '0' COMMENT '小时',
  `curr_online` int(10) NOT NULL DEFAULT '0' COMMENT '当前在线',
  PRIMARY KEY (`id`),
  KEY `sid_date_hour` (`server_id`,`online_date`,`online_hour`)
) ENGINE=InnoDB AUTO_INCREMENT=1 DEFAULT CHARSET=utf8;

CREATE TABLE `st_online_keep` (
  `id` int(10) unsigned NOT NULL AUTO_INCREMENT,
  `pfrom_id` smallint(5) unsigned NOT NULL DEFAULT '1' COMMENT '平台id',
  `server_id` smallint(5) unsigned NOT NULL DEFAULT '0' COMMENT '区服ID',
  `online_date` date NOT NULL DEFAULT '0000-00-00' COMMENT '日期',
  `online_range` tinyint(1) NOT NULL DEFAULT '0' COMMENT '分钟区间',
  `online_count` int(10) unsigned NOT NULL DEFAULT '0' COMMENT '当前区间人数',
  PRIMARY KEY (`id`),
  KEY `inst_date` (`online_date`),
  KEY `pfrom_id_server_id_date` (`pfrom_id`,`server_id`,`online_date`)
) ENGINE=InnoDB AUTO_INCREMENT=1 DEFAULT CHARSET=utf8;

CREATE TABLE `st_onlineday_data` (
  `id` int(10) unsigned NOT NULL AUTO_INCREMENT,
  `pfrom_id` smallint(5) unsigned NOT NULL DEFAULT '1' COMMENT '平台id',
  `server_id` smallint(5) unsigned NOT NULL DEFAULT '0' COMMENT '区服ID',
  `st_date` date NOT NULL DEFAULT '0000-00-00' COMMENT '日期',
  `online_date` date NOT NULL DEFAULT '0000-00-00' COMMENT '开服日期',
  `dau_count` int(10) unsigned NOT NULL DEFAULT '0' COMMENT '登录人数',
  `inst_count` int(10) unsigned NOT NULL DEFAULT '0' COMMENT '注册人数',
  `pay_count` int(10) unsigned NOT NULL DEFAULT '0' COMMENT '充值人数',
  `pay_amount` double(10,2) unsigned NOT NULL DEFAULT '0.00' COMMENT '充值总额',
  `first_pay_count` int(10) unsigned NOT NULL DEFAULT '0' COMMENT '首次充值',
  `first_pay_amount` int(10) unsigned NOT NULL DEFAULT '0' COMMENT '首次充值总额',
  `online_amount` int(10) unsigned NOT NULL DEFAULT '0' COMMENT '最高在线',
  `online_avg` float unsigned NOT NULL DEFAULT '0' COMMENT '平均在线',
  `keep_amount` double(5,4) NOT NULL DEFAULT '0.0000' COMMENT '开服注册数在统计日登录人/开服注册数',
  PRIMARY KEY (`id`),
  KEY `pfrom_id_server_id_st_date` (`pfrom_id`,`server_id`,`st_date`) USING BTREE
) ENGINE=InnoDB DEFAULT CHARSET=utf8;

CREATE TABLE `st_pay_range` (
  `id` int(11) NOT NULL AUTO_INCREMENT,
  `reg_range` tinyint(4) NOT NULL COMMENT '玩家区间（天数）',
  `date` date NOT NULL COMMENT '统计时间',
  `load_count` int(11) NOT NULL DEFAULT '0' COMMENT '在reg_range内注册，在date当天登录的',
  `pay_amount` double(11,2) NOT NULL DEFAULT '0.00' COMMENT '充值总额',
  `pay_count` int(11) NOT NULL DEFAULT '0' COMMENT '付费人数',
  `pay_range_1` varchar(64) NOT NULL DEFAULT '' COMMENT '充值区间1-10',
  `pay_range_2` varchar(64) NOT NULL DEFAULT '' COMMENT '充值区间11-20',
  `pay_range_3` varchar(64) NOT NULL DEFAULT '' COMMENT '充值区间21-50',
  `pay_range_4` varchar(64) NOT NULL DEFAULT '' COMMENT '充值区间51-100',
  `pay_range_5` varchar(64) NOT NULL DEFAULT '' COMMENT '充值区间101-200',
  `pay_range_6` varchar(64) NOT NULL DEFAULT '' COMMENT '充值区间201-300',
  `pay_range_7` varchar(64) NOT NULL DEFAULT '' COMMENT '充值区间301-500',
  `pay_range_8` varchar(64) NOT NULL DEFAULT '' COMMENT '充值区间501-1000',
  `pay_range_9` varchar(64) NOT NULL DEFAULT '' COMMENT '充值区间1001-2000',
  `pay_range_10` varchar(64) NOT NULL DEFAULT '' COMMENT '充值区间2001-5000',
  `pay_range_11` varchar(64) NOT NULL DEFAULT '' COMMENT '充值区间5001以上',
  PRIMARY KEY (`id`),
  KEY `date` (`date`) USING BTREE
) ENGINE=InnoDB DEFAULT CHARSET=utf8 ROW_FORMAT=DYNAMIC COMMENT='充值区间查看';

CREATE TABLE `st_payment` (
  `id` bigint(11) unsigned NOT NULL AUTO_INCREMENT,
  `pfrom_id` smallint(50) NOT NULL DEFAULT '1',
  `server_id` smallint(5) unsigned NOT NULL DEFAULT '0' COMMENT '区服id',
  `pay_count` int(10) unsigned NOT NULL DEFAULT '0' COMMENT '充值人数',
  `pay_times` int(10) unsigned NOT NULL DEFAULT '0' COMMENT '充值次数',
  `pay_amount` double(10,2) unsigned NOT NULL DEFAULT '0.00' COMMENT '充值金额',
  `pay_date` date NOT NULL DEFAULT '0000-00-00' COMMENT '充值日期',
  `pay_hour` tinyint(3) NOT NULL DEFAULT '0' COMMENT '充值小时',
  `channel` int(11) NOT NULL DEFAULT '0' COMMENT '渠道标识',
  PRIMARY KEY (`id`),
  KEY `pfrom_id_server_id` (`server_id`),
  KEY `pay_date` (`pay_date`)
) ENGINE=InnoDB AUTO_INCREMENT=1 DEFAULT CHARSET=utf8;

CREATE TABLE `st_payment_detail` (
  `id` bigint(11) unsigned NOT NULL AUTO_INCREMENT,
  `pfrom_id` smallint(50) NOT NULL DEFAULT '0' COMMENT '平台id',
  `pf` varchar(32) NOT NULL DEFAULT '' COMMENT '平台标识',
  `pay_date` datetime NOT NULL DEFAULT '0000-00-00 00:00:00' COMMENT '充值时间',
  `server_id` smallint(5) unsigned NOT NULL DEFAULT '0' COMMENT '区服id',
  `pay_orderid` varchar(64) NOT NULL DEFAULT '' COMMENT '充值订单id',
  `pay_account` varchar(64) NOT NULL DEFAULT '' COMMENT '平台账号',
  `pay_amount` double(10,2) NOT NULL DEFAULT '0.00' COMMENT '充值金额',
  `pay_gold` int(10) NOT NULL DEFAULT '0' COMMENT '实际元宝',
  `pay_count` tinyint(1) NOT NULL DEFAULT '1' COMMENT '笔数默认1',
  `provider` varchar(32) NOT NULL DEFAULT '' COMMENT '支付提供商',
  `phylum` varchar(16) NOT NULL DEFAULT '' COMMENT '分类',
  `via` varchar(32) NOT NULL DEFAULT '' COMMENT '子渠道',
  `first_pay` tinyint(1) NOT NULL DEFAULT '0' COMMENT '是否首充',
  `actorid` int(10) NOT NULL DEFAULT '0' COMMENT '角色id',
  `reg_date` datetime NOT NULL DEFAULT '0000-00-00 00:00:00' COMMENT '帐号创建时间',
  `is_test` tinyint(1) NOT NULL DEFAULT '0' COMMENT '是否内部发送',
  PRIMARY KEY (`id`),
  UNIQUE KEY `pay_orderid` (`pay_orderid`,`via`) USING BTREE,
  KEY `pay_date` (`pay_date`),
  KEY `pay_account` (`pay_account`)
) ENGINE=InnoDB DEFAULT CHARSET=utf8;

CREATE TABLE `st_payment_detail_201803` (
  `id` bigint(11) unsigned NOT NULL AUTO_INCREMENT,
  `pfrom_id` smallint(50) NOT NULL DEFAULT '0' COMMENT '平台id',
  `pf` varchar(32) NOT NULL DEFAULT '' COMMENT '平台标识',
  `pay_date` datetime NOT NULL DEFAULT '0000-00-00 00:00:00' COMMENT '充值时间',
  `server_id` smallint(5) unsigned NOT NULL DEFAULT '0' COMMENT '区服id',
  `pay_orderid` varchar(64) NOT NULL DEFAULT '' COMMENT '充值订单id',
  `pay_account` varchar(64) NOT NULL DEFAULT '' COMMENT '平台账号',
  `pay_amount` double(10,2) NOT NULL DEFAULT '0.00' COMMENT '充值金额',
  `pay_gold` int(10) NOT NULL DEFAULT '0' COMMENT '实际元宝',
  `pay_count` tinyint(1) NOT NULL DEFAULT '1' COMMENT '笔数默认1',
  `provider` varchar(32) NOT NULL DEFAULT '' COMMENT '支付提供商',
  `phylum` varchar(16) NOT NULL DEFAULT '' COMMENT '分类',
  `via` varchar(32) NOT NULL DEFAULT '' COMMENT '子渠道',
  `first_pay` tinyint(1) NOT NULL DEFAULT '0' COMMENT '是否首充',
  `actorid` int(10) NOT NULL DEFAULT '0' COMMENT '角色id',
  `actorname` varchar(64) NOT NULL DEFAULT '' COMMENT '角色名',
  `actorlevel` smallint(3) NOT NULL DEFAULT '0' COMMENT '角色等级',
  `glod_remain` int(11) NOT NULL DEFAULT '0' COMMENT '剩余元宝',
  `reg_date` datetime NOT NULL DEFAULT '0000-00-00 00:00:00' COMMENT '帐号创建时间',
  `is_test` tinyint(1) NOT NULL DEFAULT '0' COMMENT '是否内部充值',
  PRIMARY KEY (`id`),
  UNIQUE KEY `pay_orderid` (`pay_orderid`,`via`) USING BTREE,
  KEY `pay_date` (`pay_date`),
  KEY `pay_account` (`pay_account`)
) ENGINE=InnoDB DEFAULT CHARSET=utf8;

CREATE TABLE `st_payment_detail_201804` (
  `id` bigint(11) unsigned NOT NULL AUTO_INCREMENT,
  `pfrom_id` smallint(50) NOT NULL DEFAULT '0' COMMENT '平台id',
  `pf` varchar(32) NOT NULL DEFAULT '' COMMENT '平台标识',
  `pay_date` datetime NOT NULL DEFAULT '0000-00-00 00:00:00' COMMENT '充值时间',
  `server_id` smallint(5) unsigned NOT NULL DEFAULT '0' COMMENT '区服id',
  `pay_orderid` varchar(64) NOT NULL DEFAULT '' COMMENT '充值订单id',
  `pay_account` varchar(64) NOT NULL DEFAULT '' COMMENT '平台账号',
  `pay_amount` double(10,2) NOT NULL DEFAULT '0.00' COMMENT '充值金额',
  `pay_gold` int(10) NOT NULL DEFAULT '0' COMMENT '实际元宝',
  `pay_count` tinyint(1) NOT NULL DEFAULT '1' COMMENT '笔数默认1',
  `provider` varchar(32) NOT NULL DEFAULT '' COMMENT '支付提供商',
  `phylum` varchar(16) NOT NULL DEFAULT '' COMMENT '分类',
  `via` varchar(32) NOT NULL DEFAULT '' COMMENT '子渠道',
  `first_pay` tinyint(1) NOT NULL DEFAULT '0' COMMENT '是否首充',
  `actorid` int(10) NOT NULL DEFAULT '0' COMMENT '角色id',
  `actorname` varchar(64) NOT NULL DEFAULT '' COMMENT '角色名',
  `actorlevel` smallint(3) NOT NULL DEFAULT '0' COMMENT '角色等级',
  `glod_remain` int(11) NOT NULL DEFAULT '0' COMMENT '剩余元宝',
  `reg_date` datetime NOT NULL DEFAULT '0000-00-00 00:00:00' COMMENT '帐号创建时间',
  `is_test` tinyint(1) NOT NULL DEFAULT '0' COMMENT '是否内部充值',
  PRIMARY KEY (`id`),
  UNIQUE KEY `pay_orderid` (`pay_orderid`,`via`) USING BTREE,
  KEY `pay_date` (`pay_date`),
  KEY `pay_account` (`pay_account`)
) ENGINE=InnoDB DEFAULT CHARSET=utf8;

CREATE TABLE `st_payment_detail_201805` (
  `id` bigint(11) unsigned NOT NULL AUTO_INCREMENT,
  `pfrom_id` smallint(50) NOT NULL DEFAULT '0' COMMENT '平台id',
  `pf` varchar(32) NOT NULL DEFAULT '' COMMENT '平台标识',
  `pay_date` datetime NOT NULL DEFAULT '0000-00-00 00:00:00' COMMENT '充值时间',
  `server_id` smallint(5) unsigned NOT NULL DEFAULT '0' COMMENT '区服id',
  `pay_orderid` varchar(64) NOT NULL DEFAULT '' COMMENT '充值订单id',
  `pay_account` varchar(64) NOT NULL DEFAULT '' COMMENT '平台账号',
  `pay_amount` double(10,2) NOT NULL DEFAULT '0.00' COMMENT '充值金额',
  `pay_gold` int(10) NOT NULL DEFAULT '0' COMMENT '实际元宝',
  `pay_count` tinyint(1) NOT NULL DEFAULT '1' COMMENT '笔数默认1',
  `provider` varchar(32) NOT NULL DEFAULT '' COMMENT '支付提供商',
  `phylum` varchar(16) NOT NULL DEFAULT '' COMMENT '分类',
  `via` varchar(32) NOT NULL DEFAULT '' COMMENT '子渠道',
  `first_pay` tinyint(1) NOT NULL DEFAULT '0' COMMENT '是否首充',
  `actorid` int(10) NOT NULL DEFAULT '0' COMMENT '角色id',
  `actorname` varchar(64) NOT NULL DEFAULT '' COMMENT '角色名',
  `actorlevel` smallint(3) NOT NULL DEFAULT '0' COMMENT '角色等级',
  `glod_remain` int(11) NOT NULL DEFAULT '0' COMMENT '剩余元宝',
  `reg_date` datetime NOT NULL DEFAULT '0000-00-00 00:00:00' COMMENT '帐号创建时间',
  `is_test` tinyint(1) NOT NULL DEFAULT '0' COMMENT '是否内部充值',
  PRIMARY KEY (`id`),
  UNIQUE KEY `pay_orderid` (`pay_orderid`,`via`) USING BTREE,
  KEY `pay_date` (`pay_date`),
  KEY `pay_account` (`pay_account`)
) ENGINE=InnoDB DEFAULT CHARSET=utf8;

CREATE TABLE `st_payment_detail_201806` (
  `id` bigint(11) unsigned NOT NULL AUTO_INCREMENT,
  `pfrom_id` smallint(50) NOT NULL DEFAULT '0' COMMENT '平台id',
  `pf` varchar(32) NOT NULL DEFAULT '' COMMENT '平台标识',
  `pay_date` datetime NOT NULL DEFAULT '0000-00-00 00:00:00' COMMENT '充值时间',
  `server_id` smallint(5) unsigned NOT NULL DEFAULT '0' COMMENT '区服id',
  `pay_orderid` varchar(64) NOT NULL DEFAULT '' COMMENT '充值订单id',
  `pay_account` varchar(64) NOT NULL DEFAULT '' COMMENT '平台账号',
  `pay_amount` double(10,2) NOT NULL DEFAULT '0.00' COMMENT '充值金额',
  `pay_gold` int(10) NOT NULL DEFAULT '0' COMMENT '实际元宝',
  `pay_count` tinyint(1) NOT NULL DEFAULT '1' COMMENT '笔数默认1',
  `provider` varchar(32) NOT NULL DEFAULT '' COMMENT '支付提供商',
  `phylum` varchar(16) NOT NULL DEFAULT '' COMMENT '分类',
  `via` varchar(32) NOT NULL DEFAULT '' COMMENT '子渠道',
  `first_pay` tinyint(1) NOT NULL DEFAULT '0' COMMENT '是否首充',
  `actorid` int(10) NOT NULL DEFAULT '0' COMMENT '角色id',
  `actorname` varchar(64) NOT NULL DEFAULT '' COMMENT '角色名',
  `actorlevel` smallint(3) NOT NULL DEFAULT '0' COMMENT '角色等级',
  `glod_remain` int(11) NOT NULL DEFAULT '0' COMMENT '剩余元宝',
  `reg_date` datetime NOT NULL DEFAULT '0000-00-00 00:00:00' COMMENT '帐号创建时间',
  `is_test` tinyint(1) NOT NULL DEFAULT '0' COMMENT '是否内部充值',
  PRIMARY KEY (`id`),
  UNIQUE KEY `pay_orderid` (`pay_orderid`,`via`) USING BTREE,
  KEY `pay_date` (`pay_date`),
  KEY `pay_account` (`pay_account`)
) ENGINE=InnoDB DEFAULT CHARSET=utf8;

CREATE TABLE `st_payment_detail_201807` (
  `id` bigint(11) unsigned NOT NULL AUTO_INCREMENT,
  `pfrom_id` smallint(50) NOT NULL DEFAULT '0' COMMENT '平台id',
  `pf` varchar(32) NOT NULL DEFAULT '' COMMENT '平台标识',
  `pay_date` datetime NOT NULL DEFAULT '0000-00-00 00:00:00' COMMENT '充值时间',
  `server_id` smallint(5) unsigned NOT NULL DEFAULT '0' COMMENT '区服id',
  `pay_orderid` varchar(64) NOT NULL DEFAULT '' COMMENT '充值订单id',
  `pay_account` varchar(64) NOT NULL DEFAULT '' COMMENT '平台账号',
  `pay_amount` double(10,2) NOT NULL DEFAULT '0.00' COMMENT '充值金额',
  `pay_gold` int(10) NOT NULL DEFAULT '0' COMMENT '实际元宝',
  `pay_count` tinyint(1) NOT NULL DEFAULT '1' COMMENT '笔数默认1',
  `provider` varchar(32) NOT NULL DEFAULT '' COMMENT '支付提供商',
  `phylum` varchar(16) NOT NULL DEFAULT '' COMMENT '分类',
  `via` varchar(32) NOT NULL DEFAULT '' COMMENT '子渠道',
  `first_pay` tinyint(1) NOT NULL DEFAULT '0' COMMENT '是否首充',
  `actorid` int(10) NOT NULL DEFAULT '0' COMMENT '角色id',
  `actorname` varchar(64) NOT NULL DEFAULT '' COMMENT '角色名',
  `actorlevel` smallint(3) NOT NULL DEFAULT '0' COMMENT '角色等级',
  `glod_remain` int(11) NOT NULL DEFAULT '0' COMMENT '剩余元宝',
  `reg_date` datetime NOT NULL DEFAULT '0000-00-00 00:00:00' COMMENT '帐号创建时间',
  `is_test` tinyint(1) NOT NULL DEFAULT '0' COMMENT '是否内部充值',
  PRIMARY KEY (`id`),
  UNIQUE KEY `pay_orderid` (`pay_orderid`,`via`) USING BTREE,
  KEY `pay_date` (`pay_date`),
  KEY `pay_account` (`pay_account`)
) ENGINE=InnoDB DEFAULT CHARSET=utf8;

CREATE TABLE `st_payment_detail_201808` (
  `id` bigint(11) unsigned NOT NULL AUTO_INCREMENT,
  `pfrom_id` smallint(50) NOT NULL DEFAULT '0' COMMENT '平台id',
  `pf` varchar(32) NOT NULL DEFAULT '' COMMENT '平台标识',
  `pay_date` datetime NOT NULL DEFAULT '0000-00-00 00:00:00' COMMENT '充值时间',
  `server_id` smallint(5) unsigned NOT NULL DEFAULT '0' COMMENT '区服id',
  `pay_orderid` varchar(64) NOT NULL DEFAULT '' COMMENT '充值订单id',
  `pay_account` varchar(64) NOT NULL DEFAULT '' COMMENT '平台账号',
  `pay_amount` double(10,2) NOT NULL DEFAULT '0.00' COMMENT '充值金额',
  `pay_gold` int(10) NOT NULL DEFAULT '0' COMMENT '实际元宝',
  `pay_count` tinyint(1) NOT NULL DEFAULT '1' COMMENT '笔数默认1',
  `provider` varchar(32) NOT NULL DEFAULT '' COMMENT '支付提供商',
  `phylum` varchar(16) NOT NULL DEFAULT '' COMMENT '分类',
  `via` varchar(32) NOT NULL DEFAULT '' COMMENT '子渠道',
  `first_pay` tinyint(1) NOT NULL DEFAULT '0' COMMENT '是否首充',
  `actorid` int(10) NOT NULL DEFAULT '0' COMMENT '角色id',
  `actorname` varchar(64) NOT NULL DEFAULT '' COMMENT '角色名',
  `actorlevel` smallint(3) NOT NULL DEFAULT '0' COMMENT '角色等级',
  `glod_remain` int(11) NOT NULL DEFAULT '0' COMMENT '剩余元宝',
  `reg_date` datetime NOT NULL DEFAULT '0000-00-00 00:00:00' COMMENT '帐号创建时间',
  `is_test` tinyint(1) NOT NULL DEFAULT '0' COMMENT '是否内部充值',
  PRIMARY KEY (`id`),
  UNIQUE KEY `pay_orderid` (`pay_orderid`,`via`) USING BTREE,
  KEY `pay_date` (`pay_date`),
  KEY `pay_account` (`pay_account`)
) ENGINE=InnoDB DEFAULT CHARSET=utf8;

CREATE TABLE `st_payment_detail_201809` (
  `id` bigint(11) unsigned NOT NULL AUTO_INCREMENT,
  `pfrom_id` smallint(50) NOT NULL DEFAULT '0' COMMENT '平台id',
  `pf` varchar(32) NOT NULL DEFAULT '' COMMENT '平台标识',
  `pay_date` datetime NOT NULL DEFAULT '0000-00-00 00:00:00' COMMENT '充值时间',
  `server_id` smallint(5) unsigned NOT NULL DEFAULT '0' COMMENT '区服id',
  `pay_orderid` varchar(64) NOT NULL DEFAULT '' COMMENT '充值订单id',
  `pay_account` varchar(64) NOT NULL DEFAULT '' COMMENT '平台账号',
  `pay_amount` double(10,2) NOT NULL DEFAULT '0.00' COMMENT '充值金额',
  `pay_gold` int(10) NOT NULL DEFAULT '0' COMMENT '实际元宝',
  `pay_count` tinyint(1) NOT NULL DEFAULT '1' COMMENT '笔数默认1',
  `provider` varchar(32) NOT NULL DEFAULT '' COMMENT '支付提供商',
  `phylum` varchar(16) NOT NULL DEFAULT '' COMMENT '分类',
  `via` varchar(32) NOT NULL DEFAULT '' COMMENT '子渠道',
  `first_pay` tinyint(1) NOT NULL DEFAULT '0' COMMENT '是否首充',
  `actorid` int(10) NOT NULL DEFAULT '0' COMMENT '角色id',
  `actorname` varchar(64) NOT NULL DEFAULT '' COMMENT '角色名',
  `actorlevel` smallint(3) NOT NULL DEFAULT '0' COMMENT '角色等级',
  `glod_remain` int(11) NOT NULL DEFAULT '0' COMMENT '剩余元宝',
  `reg_date` datetime NOT NULL DEFAULT '0000-00-00 00:00:00' COMMENT '帐号创建时间',
  `is_test` tinyint(1) NOT NULL DEFAULT '0' COMMENT '是否内部充值',
  PRIMARY KEY (`id`),
  UNIQUE KEY `pay_orderid` (`pay_orderid`,`via`) USING BTREE,
  KEY `pay_date` (`pay_date`),
  KEY `pay_account` (`pay_account`)
) ENGINE=InnoDB DEFAULT CHARSET=utf8;

CREATE TABLE `st_payment_detail_201810` (
  `id` bigint(11) unsigned NOT NULL AUTO_INCREMENT,
  `pfrom_id` smallint(50) NOT NULL DEFAULT '0' COMMENT '平台id',
  `pf` varchar(32) NOT NULL DEFAULT '' COMMENT '平台标识',
  `pay_date` datetime NOT NULL DEFAULT '0000-00-00 00:00:00' COMMENT '充值时间',
  `server_id` smallint(5) unsigned NOT NULL DEFAULT '0' COMMENT '区服id',
  `pay_orderid` varchar(64) NOT NULL DEFAULT '' COMMENT '充值订单id',
  `pay_account` varchar(64) NOT NULL DEFAULT '' COMMENT '平台账号',
  `pay_amount` double(10,2) NOT NULL DEFAULT '0.00' COMMENT '充值金额',
  `pay_gold` int(10) NOT NULL DEFAULT '0' COMMENT '实际元宝',
  `pay_count` tinyint(1) NOT NULL DEFAULT '1' COMMENT '笔数默认1',
  `provider` varchar(32) NOT NULL DEFAULT '' COMMENT '支付提供商',
  `phylum` varchar(16) NOT NULL DEFAULT '' COMMENT '分类',
  `via` varchar(32) NOT NULL DEFAULT '' COMMENT '子渠道',
  `first_pay` tinyint(1) NOT NULL DEFAULT '0' COMMENT '是否首充',
  `actorid` int(10) NOT NULL DEFAULT '0' COMMENT '角色id',
  `actorname` varchar(64) NOT NULL DEFAULT '' COMMENT '角色名',
  `actorlevel` smallint(3) NOT NULL DEFAULT '0' COMMENT '角色等级',
  `glod_remain` int(11) NOT NULL DEFAULT '0' COMMENT '剩余元宝',
  `reg_date` datetime NOT NULL DEFAULT '0000-00-00 00:00:00' COMMENT '帐号创建时间',
  `is_test` tinyint(1) NOT NULL DEFAULT '0' COMMENT '是否内部充值',
  PRIMARY KEY (`id`),
  UNIQUE KEY `pay_orderid` (`pay_orderid`,`via`) USING BTREE,
  KEY `pay_date` (`pay_date`),
  KEY `pay_account` (`pay_account`)
) ENGINE=InnoDB DEFAULT CHARSET=utf8;

CREATE TABLE `st_payment_detail_201811` (
  `id` bigint(11) unsigned NOT NULL AUTO_INCREMENT,
  `pfrom_id` smallint(50) NOT NULL DEFAULT '0' COMMENT '平台id',
  `pf` varchar(32) NOT NULL DEFAULT '' COMMENT '平台标识',
  `pay_date` datetime NOT NULL DEFAULT '0000-00-00 00:00:00' COMMENT '充值时间',
  `server_id` smallint(5) unsigned NOT NULL DEFAULT '0' COMMENT '区服id',
  `pay_orderid` varchar(64) NOT NULL DEFAULT '' COMMENT '充值订单id',
  `pay_account` varchar(64) NOT NULL DEFAULT '' COMMENT '平台账号',
  `pay_amount` double(10,2) NOT NULL DEFAULT '0.00' COMMENT '充值金额',
  `pay_gold` int(10) NOT NULL DEFAULT '0' COMMENT '实际元宝',
  `pay_count` tinyint(1) NOT NULL DEFAULT '1' COMMENT '笔数默认1',
  `provider` varchar(32) NOT NULL DEFAULT '' COMMENT '支付提供商',
  `phylum` varchar(16) NOT NULL DEFAULT '' COMMENT '分类',
  `via` varchar(32) NOT NULL DEFAULT '' COMMENT '子渠道',
  `first_pay` tinyint(1) NOT NULL DEFAULT '0' COMMENT '是否首充',
  `actorid` int(10) NOT NULL DEFAULT '0' COMMENT '角色id',
  `actorname` varchar(64) NOT NULL DEFAULT '' COMMENT '角色名',
  `actorlevel` smallint(3) NOT NULL DEFAULT '0' COMMENT '角色等级',
  `glod_remain` int(11) NOT NULL DEFAULT '0' COMMENT '剩余元宝',
  `reg_date` datetime NOT NULL DEFAULT '0000-00-00 00:00:00' COMMENT '帐号创建时间',
  `is_test` tinyint(1) NOT NULL DEFAULT '0' COMMENT '是否内部充值',
  PRIMARY KEY (`id`),
  UNIQUE KEY `pay_orderid` (`pay_orderid`,`via`) USING BTREE,
  KEY `pay_date` (`pay_date`),
  KEY `pay_account` (`pay_account`)
) ENGINE=InnoDB DEFAULT CHARSET=utf8;

CREATE TABLE `st_payment_detail_201812` (
  `id` bigint(11) unsigned NOT NULL AUTO_INCREMENT,
  `pfrom_id` smallint(50) NOT NULL DEFAULT '0' COMMENT '平台id',
  `pf` varchar(32) NOT NULL DEFAULT '' COMMENT '平台标识',
  `pay_date` datetime NOT NULL DEFAULT '0000-00-00 00:00:00' COMMENT '充值时间',
  `server_id` smallint(5) unsigned NOT NULL DEFAULT '0' COMMENT '区服id',
  `pay_orderid` varchar(64) NOT NULL DEFAULT '' COMMENT '充值订单id',
  `pay_account` varchar(64) NOT NULL DEFAULT '' COMMENT '平台账号',
  `pay_amount` double(10,2) NOT NULL DEFAULT '0.00' COMMENT '充值金额',
  `pay_gold` int(10) NOT NULL DEFAULT '0' COMMENT '实际元宝',
  `pay_count` tinyint(1) NOT NULL DEFAULT '1' COMMENT '笔数默认1',
  `provider` varchar(32) NOT NULL DEFAULT '' COMMENT '支付提供商',
  `phylum` varchar(16) NOT NULL DEFAULT '' COMMENT '分类',
  `via` varchar(32) NOT NULL DEFAULT '' COMMENT '子渠道',
  `first_pay` tinyint(1) NOT NULL DEFAULT '0' COMMENT '是否首充',
  `actorid` int(10) NOT NULL DEFAULT '0' COMMENT '角色id',
  `actorname` varchar(64) NOT NULL DEFAULT '' COMMENT '角色名',
  `actorlevel` smallint(3) NOT NULL DEFAULT '0' COMMENT '角色等级',
  `glod_remain` int(11) NOT NULL DEFAULT '0' COMMENT '剩余元宝',
  `reg_date` datetime NOT NULL DEFAULT '0000-00-00 00:00:00' COMMENT '帐号创建时间',
  `is_test` tinyint(1) NOT NULL DEFAULT '0' COMMENT '是否内部充值',
  PRIMARY KEY (`id`),
  UNIQUE KEY `pay_orderid` (`pay_orderid`,`via`) USING BTREE,
  KEY `pay_date` (`pay_date`),
  KEY `pay_account` (`pay_account`)
) ENGINE=InnoDB DEFAULT CHARSET=utf8;

CREATE TABLE `st_payment_detail_201901` (
  `id` bigint(11) unsigned NOT NULL AUTO_INCREMENT,
  `pfrom_id` smallint(50) NOT NULL DEFAULT '0' COMMENT '平台id',
  `pf` varchar(32) NOT NULL DEFAULT '' COMMENT '平台标识',
  `pay_date` datetime NOT NULL DEFAULT '0000-00-00 00:00:00' COMMENT '充值时间',
  `server_id` smallint(5) unsigned NOT NULL DEFAULT '0' COMMENT '区服id',
  `pay_orderid` varchar(64) NOT NULL DEFAULT '' COMMENT '充值订单id',
  `pay_account` varchar(64) NOT NULL DEFAULT '' COMMENT '平台账号',
  `pay_amount` double(10,2) NOT NULL DEFAULT '0.00' COMMENT '充值金额',
  `pay_gold` int(10) NOT NULL DEFAULT '0' COMMENT '实际元宝',
  `pay_count` tinyint(1) NOT NULL DEFAULT '1' COMMENT '笔数默认1',
  `provider` varchar(32) NOT NULL DEFAULT '' COMMENT '支付提供商',
  `phylum` varchar(16) NOT NULL DEFAULT '' COMMENT '分类',
  `via` varchar(32) NOT NULL DEFAULT '' COMMENT '子渠道',
  `first_pay` tinyint(1) NOT NULL DEFAULT '0' COMMENT '是否首充',
  `actorid` int(10) NOT NULL DEFAULT '0' COMMENT '角色id',
  `actorname` varchar(64) NOT NULL DEFAULT '' COMMENT '角色名',
  `actorlevel` smallint(3) NOT NULL DEFAULT '0' COMMENT '角色等级',
  `glod_remain` int(11) NOT NULL DEFAULT '0' COMMENT '剩余元宝',
  `reg_date` datetime NOT NULL DEFAULT '0000-00-00 00:00:00' COMMENT '帐号创建时间',
  `is_test` tinyint(1) NOT NULL DEFAULT '0' COMMENT '是否内部充值',
  PRIMARY KEY (`id`),
  UNIQUE KEY `pay_orderid` (`pay_orderid`,`via`) USING BTREE,
  KEY `pay_date` (`pay_date`),
  KEY `pay_account` (`pay_account`)
) ENGINE=InnoDB DEFAULT CHARSET=utf8;

CREATE TABLE `st_payment_detail_201902` (
  `id` bigint(11) unsigned NOT NULL AUTO_INCREMENT,
  `pfrom_id` smallint(50) NOT NULL DEFAULT '0' COMMENT '平台id',
  `pf` varchar(32) NOT NULL DEFAULT '' COMMENT '平台标识',
  `pay_date` datetime NOT NULL DEFAULT '0000-00-00 00:00:00' COMMENT '充值时间',
  `server_id` smallint(5) unsigned NOT NULL DEFAULT '0' COMMENT '区服id',
  `pay_orderid` varchar(64) NOT NULL DEFAULT '' COMMENT '充值订单id',
  `pay_account` varchar(64) NOT NULL DEFAULT '' COMMENT '平台账号',
  `pay_amount` double(10,2) NOT NULL DEFAULT '0.00' COMMENT '充值金额',
  `pay_gold` int(10) NOT NULL DEFAULT '0' COMMENT '实际元宝',
  `pay_count` tinyint(1) NOT NULL DEFAULT '1' COMMENT '笔数默认1',
  `provider` varchar(32) NOT NULL DEFAULT '' COMMENT '支付提供商',
  `phylum` varchar(16) NOT NULL DEFAULT '' COMMENT '分类',
  `via` varchar(32) NOT NULL DEFAULT '' COMMENT '子渠道',
  `first_pay` tinyint(1) NOT NULL DEFAULT '0' COMMENT '是否首充',
  `actorid` int(10) NOT NULL DEFAULT '0' COMMENT '角色id',
  `actorname` varchar(64) NOT NULL DEFAULT '' COMMENT '角色名',
  `actorlevel` smallint(3) NOT NULL DEFAULT '0' COMMENT '角色等级',
  `glod_remain` int(11) NOT NULL DEFAULT '0' COMMENT '剩余元宝',
  `reg_date` datetime NOT NULL DEFAULT '0000-00-00 00:00:00' COMMENT '帐号创建时间',
  `is_test` tinyint(1) NOT NULL DEFAULT '0' COMMENT '是否内部充值',
  PRIMARY KEY (`id`),
  UNIQUE KEY `pay_orderid` (`pay_orderid`,`via`) USING BTREE,
  KEY `pay_date` (`pay_date`),
  KEY `pay_account` (`pay_account`)
) ENGINE=InnoDB DEFAULT CHARSET=utf8;

CREATE TABLE `st_payment_detail_201903` (
  `id` bigint(11) unsigned NOT NULL AUTO_INCREMENT,
  `pfrom_id` smallint(50) NOT NULL DEFAULT '0' COMMENT '平台id',
  `pf` varchar(32) NOT NULL DEFAULT '' COMMENT '平台标识',
  `pay_date` datetime NOT NULL DEFAULT '0000-00-00 00:00:00' COMMENT '充值时间',
  `server_id` smallint(5) unsigned NOT NULL DEFAULT '0' COMMENT '区服id',
  `pay_orderid` varchar(64) NOT NULL DEFAULT '' COMMENT '充值订单id',
  `pay_account` varchar(64) NOT NULL DEFAULT '' COMMENT '平台账号',
  `pay_amount` double(10,2) NOT NULL DEFAULT '0.00' COMMENT '充值金额',
  `pay_gold` int(10) NOT NULL DEFAULT '0' COMMENT '实际元宝',
  `pay_count` tinyint(1) NOT NULL DEFAULT '1' COMMENT '笔数默认1',
  `provider` varchar(32) NOT NULL DEFAULT '' COMMENT '支付提供商',
  `phylum` varchar(16) NOT NULL DEFAULT '' COMMENT '分类',
  `via` varchar(32) NOT NULL DEFAULT '' COMMENT '子渠道',
  `first_pay` tinyint(1) NOT NULL DEFAULT '0' COMMENT '是否首充',
  `actorid` int(10) NOT NULL DEFAULT '0' COMMENT '角色id',
  `actorname` varchar(64) NOT NULL DEFAULT '' COMMENT '角色名',
  `actorlevel` smallint(3) NOT NULL DEFAULT '0' COMMENT '角色等级',
  `glod_remain` int(11) NOT NULL DEFAULT '0' COMMENT '剩余元宝',
  `reg_date` datetime NOT NULL DEFAULT '0000-00-00 00:00:00' COMMENT '帐号创建时间',
  `is_test` tinyint(1) NOT NULL DEFAULT '0' COMMENT '是否内部充值',
  PRIMARY KEY (`id`),
  UNIQUE KEY `pay_orderid` (`pay_orderid`,`via`) USING BTREE,
  KEY `pay_date` (`pay_date`),
  KEY `pay_account` (`pay_account`)
) ENGINE=InnoDB DEFAULT CHARSET=utf8;

CREATE TABLE `st_payment_detail_201904` (
  `id` bigint(11) unsigned NOT NULL AUTO_INCREMENT,
  `pfrom_id` smallint(50) NOT NULL DEFAULT '0' COMMENT '平台id',
  `pf` varchar(32) NOT NULL DEFAULT '' COMMENT '平台标识',
  `pay_date` datetime NOT NULL DEFAULT '0000-00-00 00:00:00' COMMENT '充值时间',
  `server_id` smallint(5) unsigned NOT NULL DEFAULT '0' COMMENT '区服id',
  `pay_orderid` varchar(64) NOT NULL DEFAULT '' COMMENT '充值订单id',
  `pay_account` varchar(64) NOT NULL DEFAULT '' COMMENT '平台账号',
  `pay_amount` double(10,2) NOT NULL DEFAULT '0.00' COMMENT '充值金额',
  `pay_gold` int(10) NOT NULL DEFAULT '0' COMMENT '实际元宝',
  `pay_count` tinyint(1) NOT NULL DEFAULT '1' COMMENT '笔数默认1',
  `provider` varchar(32) NOT NULL DEFAULT '' COMMENT '支付提供商',
  `phylum` varchar(16) NOT NULL DEFAULT '' COMMENT '分类',
  `via` varchar(32) NOT NULL DEFAULT '' COMMENT '子渠道',
  `first_pay` tinyint(1) NOT NULL DEFAULT '0' COMMENT '是否首充',
  `actorid` int(10) NOT NULL DEFAULT '0' COMMENT '角色id',
  `actorname` varchar(64) NOT NULL DEFAULT '' COMMENT '角色名',
  `actorlevel` smallint(3) NOT NULL DEFAULT '0' COMMENT '角色等级',
  `glod_remain` int(11) NOT NULL DEFAULT '0' COMMENT '剩余元宝',
  `reg_date` datetime NOT NULL DEFAULT '0000-00-00 00:00:00' COMMENT '帐号创建时间',
  `is_test` tinyint(1) NOT NULL DEFAULT '0' COMMENT '是否内部充值',
  PRIMARY KEY (`id`),
  UNIQUE KEY `pay_orderid` (`pay_orderid`,`via`) USING BTREE,
  KEY `pay_date` (`pay_date`),
  KEY `pay_account` (`pay_account`)
) ENGINE=InnoDB DEFAULT CHARSET=utf8;

CREATE TABLE `st_payment_detail_201905` (
  `id` bigint(11) unsigned NOT NULL AUTO_INCREMENT,
  `pfrom_id` smallint(50) NOT NULL DEFAULT '0' COMMENT '平台id',
  `pf` varchar(32) NOT NULL DEFAULT '' COMMENT '平台标识',
  `pay_date` datetime NOT NULL DEFAULT '0000-00-00 00:00:00' COMMENT '充值时间',
  `server_id` smallint(5) unsigned NOT NULL DEFAULT '0' COMMENT '区服id',
  `pay_orderid` varchar(64) NOT NULL DEFAULT '' COMMENT '充值订单id',
  `pay_account` varchar(64) NOT NULL DEFAULT '' COMMENT '平台账号',
  `pay_amount` double(10,2) NOT NULL DEFAULT '0.00' COMMENT '充值金额',
  `pay_gold` int(10) NOT NULL DEFAULT '0' COMMENT '实际元宝',
  `pay_count` tinyint(1) NOT NULL DEFAULT '1' COMMENT '笔数默认1',
  `provider` varchar(32) NOT NULL DEFAULT '' COMMENT '支付提供商',
  `phylum` varchar(16) NOT NULL DEFAULT '' COMMENT '分类',
  `via` varchar(32) NOT NULL DEFAULT '' COMMENT '子渠道',
  `first_pay` tinyint(1) NOT NULL DEFAULT '0' COMMENT '是否首充',
  `actorid` int(10) NOT NULL DEFAULT '0' COMMENT '角色id',
  `actorname` varchar(64) NOT NULL DEFAULT '' COMMENT '角色名',
  `actorlevel` smallint(3) NOT NULL DEFAULT '0' COMMENT '角色等级',
  `glod_remain` int(11) NOT NULL DEFAULT '0' COMMENT '剩余元宝',
  `reg_date` datetime NOT NULL DEFAULT '0000-00-00 00:00:00' COMMENT '帐号创建时间',
  `is_test` tinyint(1) NOT NULL DEFAULT '0' COMMENT '是否内部充值',
  PRIMARY KEY (`id`),
  UNIQUE KEY `pay_orderid` (`pay_orderid`,`via`) USING BTREE,
  KEY `pay_date` (`pay_date`),
  KEY `pay_account` (`pay_account`)
) ENGINE=InnoDB DEFAULT CHARSET=utf8;

CREATE TABLE `st_payment_detail_201906` (
  `id` bigint(11) unsigned NOT NULL AUTO_INCREMENT,
  `pfrom_id` smallint(50) NOT NULL DEFAULT '0' COMMENT '平台id',
  `pf` varchar(32) NOT NULL DEFAULT '' COMMENT '平台标识',
  `pay_date` datetime NOT NULL DEFAULT '0000-00-00 00:00:00' COMMENT '充值时间',
  `server_id` smallint(5) unsigned NOT NULL DEFAULT '0' COMMENT '区服id',
  `pay_orderid` varchar(64) NOT NULL DEFAULT '' COMMENT '充值订单id',
  `pay_account` varchar(64) NOT NULL DEFAULT '' COMMENT '平台账号',
  `pay_amount` double(10,2) NOT NULL DEFAULT '0.00' COMMENT '充值金额',
  `pay_gold` int(10) NOT NULL DEFAULT '0' COMMENT '实际元宝',
  `pay_count` tinyint(1) NOT NULL DEFAULT '1' COMMENT '笔数默认1',
  `provider` varchar(32) NOT NULL DEFAULT '' COMMENT '支付提供商',
  `phylum` varchar(16) NOT NULL DEFAULT '' COMMENT '分类',
  `via` varchar(32) NOT NULL DEFAULT '' COMMENT '子渠道',
  `first_pay` tinyint(1) NOT NULL DEFAULT '0' COMMENT '是否首充',
  `actorid` int(10) NOT NULL DEFAULT '0' COMMENT '角色id',
  `actorname` varchar(64) NOT NULL DEFAULT '' COMMENT '角色名',
  `actorlevel` smallint(3) NOT NULL DEFAULT '0' COMMENT '角色等级',
  `glod_remain` int(11) NOT NULL DEFAULT '0' COMMENT '剩余元宝',
  `reg_date` datetime NOT NULL DEFAULT '0000-00-00 00:00:00' COMMENT '帐号创建时间',
  `is_test` tinyint(1) NOT NULL DEFAULT '0' COMMENT '是否内部充值',
  PRIMARY KEY (`id`),
  UNIQUE KEY `pay_orderid` (`pay_orderid`,`via`) USING BTREE,
  KEY `pay_date` (`pay_date`),
  KEY `pay_account` (`pay_account`)
) ENGINE=InnoDB DEFAULT CHARSET=utf8;

CREATE TABLE `st_payment_detail_log` (
  `id` bigint(11) unsigned NOT NULL AUTO_INCREMENT,
  `pfrom_id` smallint(50) NOT NULL DEFAULT '0' COMMENT '平台',
  `paylog_id` int(10) NOT NULL DEFAULT '0' COMMENT '记录已读取的充值ID',
  PRIMARY KEY (`id`),
  KEY `pay_date` (`paylog_id`)
) ENGINE=InnoDB DEFAULT CHARSET=utf8;

CREATE TABLE `st_payment_range` (
  `id` bigint(11) unsigned NOT NULL AUTO_INCREMENT,
  `pfrom_id` smallint(5) NOT NULL DEFAULT '1' COMMENT '平台id',
  `server_id` smallint(5) unsigned NOT NULL DEFAULT '0' COMMENT '区服id',
  `pay_range` tinyint(1) unsigned NOT NULL DEFAULT '1' COMMENT '充值区间id',
  `pay_amount` double(10,2) unsigned NOT NULL DEFAULT '0.00' COMMENT '充值金额',
  `pay_count` int(10) unsigned NOT NULL DEFAULT '0' COMMENT '充值人数',
  `pay_times` int(10) unsigned NOT NULL DEFAULT '0' COMMENT '充值次数',
  `pay_date` date NOT NULL DEFAULT '0000-00-00' COMMENT '充值时间',
  PRIMARY KEY (`id`),
  KEY `pfrom_id_server_id` (`server_id`),
  KEY `pay_date` (`pay_date`)
) ENGINE=InnoDB AUTO_INCREMENT=1 DEFAULT CHARSET=utf8;

CREATE TABLE `st_payment_top` (
  `id` bigint(11) unsigned NOT NULL AUTO_INCREMENT,
  `pay_date` date NOT NULL DEFAULT '0000-00-00' COMMENT '充值时间',
  `pfrom_id` smallint(5) unsigned NOT NULL DEFAULT '1' COMMENT '平台id',
  `server_id` smallint(5) unsigned NOT NULL DEFAULT '0' COMMENT '区服id',
  `account` varchar(64) NOT NULL DEFAULT '' COMMENT '帐号名',
  `actorid` int(10) NOT NULL DEFAULT '0' COMMENT '角色id',
  `actor_name` varchar(64) NOT NULL DEFAULT '' COMMENT '角色名',
  `actor_level` varchar(64) NOT NULL DEFAULT '0' COMMENT '等级',
  `dayilyonline` int(10) NOT NULL DEFAULT '0' COMMENT '当日在线时长',
  `totalonline` int(10) NOT NULL DEFAULT '0' COMMENT '截止统计日累计在线时长',
  `pay_amount` double(10,2) unsigned NOT NULL DEFAULT '0.00' COMMENT '充值金额',
  `pay_times` int(10) unsigned NOT NULL DEFAULT '0' COMMENT '充值次数',
  `pay_one_max` int(10) unsigned NOT NULL DEFAULT '0' COMMENT '单笔最大',
  `pay_one_min` int(10) unsigned NOT NULL DEFAULT '0' COMMENT '单笔最小',
  `pay_avg` int(10) unsigned NOT NULL DEFAULT '0' COMMENT '单笔平均',
  `glod_remain` int(10) unsigned NOT NULL DEFAULT '0' COMMENT '剩余元宝',
  `createtime` datetime NOT NULL COMMENT '角色创建时间',
  `pay_last_date` datetime NOT NULL DEFAULT '0000-00-00 00:00:00' COMMENT '最后充值时间',
  `last_logined` datetime NOT NULL DEFAULT '0000-00-00 00:00:00' COMMENT '最后登录时间',
  `keep_nologin_days` tinyint(1) NOT NULL DEFAULT '0' COMMENT '连续未登录天数',
  `via` varchar(20) NOT NULL COMMENT '渠道id',
  PRIMARY KEY (`id`),
  KEY `pfrom_id_server_id` (`pfrom_id`,`server_id`),
  KEY `pay_date` (`pay_date`)
) ENGINE=InnoDB AUTO_INCREMENT=1 DEFAULT CHARSET=utf8;

CREATE TABLE `t_activity` (
  `id` bigint(11) unsigned NOT NULL AUTO_INCREMENT,
  `act_code` varchar(64) NOT NULL DEFAULT '' COMMENT '活动参数',
  `act_name` varchar(255) NOT NULL DEFAULT '' COMMENT '活动名称',
  `status` tinyint(1) NOT NULL DEFAULT '1' COMMENT '状态',
  `ext_a` varchar(32) NOT NULL DEFAULT '' COMMENT '备用字段',
  PRIMARY KEY (`id`),
  KEY `pfrom_id_server_id` (`act_name`)
) ENGINE=InnoDB AUTO_INCREMENT=1 DEFAULT CHARSET=utf8;

CREATE TABLE `t_activity_log` (
  `id` bigint(11) unsigned NOT NULL AUTO_INCREMENT,
  `pfrom_id` int(10) unsigned NOT NULL DEFAULT '0' COMMENT '代理商id',
  `server_id` int(10) unsigned NOT NULL DEFAULT '0' COMMENT '区服',
  `act_code` varchar(64) NOT NULL DEFAULT '' COMMENT '活动参数',
  `act_name` varchar(255) NOT NULL DEFAULT '' COMMENT '活动名称',
  `start_date` datetime NOT NULL DEFAULT '0000-00-00 00:00:00' COMMENT '活动开始时间',
  `end_date` datetime NOT NULL DEFAULT '0000-00-00 00:00:00' COMMENT '截止时间',
  `gm` varchar(64) NOT NULL DEFAULT '' COMMENT '操作人',
  `params` varchar(255) NOT NULL DEFAULT '' COMMENT '通用刷活动指令参数',
  `param_gmcmd` text COMMENT 'gmcmd参数',
  `add_date` datetime NOT NULL DEFAULT '0000-00-00 00:00:00' COMMENT '操作时间',
  `type` tinyint(3) NOT NULL DEFAULT '0' COMMENT '日志类型 1活动，2通用指令，3刷脚本',
  PRIMARY KEY (`id`),
  KEY `add_date` (`add_date`),
  KEY `pfrom_id_server_id` (`server_id`)
) ENGINE=InnoDB DEFAULT CHARSET=utf8;

CREATE TABLE `t_agent` (
  `pfrom_id` int(10) unsigned NOT NULL AUTO_INCREMENT COMMENT '代理商id',
  `pfrom_name` varchar(64) NOT NULL DEFAULT '' COMMENT '代理商名',
  `entrance_ip` varchar(64) DEFAULT '' COMMENT '入口数据库地址',
  `port` int(10) unsigned NOT NULL DEFAULT '3306' COMMENT '端口',
  `dbuser` varchar(50) NOT NULL DEFAULT 'root' COMMENT '用户名',
  `dbpwd` varchar(50) NOT NULL DEFAULT '0987abc123' COMMENT '密码',
  `entrance_url` varchar(128) NOT NULL DEFAULT '' COMMENT '入口地址',
  `status` tinyint(1) NOT NULL DEFAULT '0' COMMENT '状态',
  `desc` varchar(64) DEFAULT '' COMMENT '备注',
  `bonus` int(11) DEFAULT '0' COMMENT '新服支持奖金',
  `ratio` double(3,2) DEFAULT '0.00',
  `highest_bonus` int(11) DEFAULT '0' COMMENT '单角色每日最高额度',
  `mix_pf_id` int(10) unsigned NOT NULL DEFAULT '0' COMMENT '混服平台ID',
  PRIMARY KEY (`pfrom_id`)
) ENGINE=InnoDB AUTO_INCREMENT=1 DEFAULT CHARSET=utf8 COMMENT='代理商表';

CREATE TABLE `t_agent_config` (
  `id` int(10) unsigned NOT NULL AUTO_INCREMENT,
  `pfrom_id` smallint(5) unsigned NOT NULL DEFAULT '1' COMMENT '代理商id',
  `pfrom_name` varchar(64) NOT NULL DEFAULT '' COMMENT '代理商名',
  `login_key` varchar(32) NOT NULL DEFAULT '' COMMENT '登录key',
  `pay_key` varchar(32) NOT NULL DEFAULT '' COMMENT '充值key',
  `home_url` varchar(255) NOT NULL DEFAULT '' COMMENT '官网地址',
  `pay_url` varchar(255) NOT NULL DEFAULT '' COMMENT '充值地址',
  `bbs_url` varchar(255) NOT NULL DEFAULT '' COMMENT '论坛地址',
  `gm_url` varchar(255) NOT NULL DEFAULT '' COMMENT '客服地址',
  `fcm_url` varchar(255) NOT NULL DEFAULT '' COMMENT '防沉迷地址',
  `card_url` varchar(255) NOT NULL DEFAULT '' COMMENT '卡码地址',
  `bi_server` varchar(255) NOT NULL DEFAULT '' COMMENT '上报地址',
  `srvaddr` varchar(30) NOT NULL DEFAULT '' COMMENT '服务端loginserver',
  `login_port` varchar(10) CHARACTER SET utf8 COLLATE utf8_bin NOT NULL DEFAULT '' COMMENT '服务端loginserver端口',
  `server_list_url` varchar(255) NOT NULL DEFAULT '' COMMENT '区服列表地址',
  `ip_pay_list` text COMMENT 'IP白名单',
  `status` tinyint(1) NOT NULL DEFAULT '0' COMMENT '状态0新建1可用2审批中',
  `desc` varchar(64) DEFAULT '' COMMENT '备注',
  PRIMARY KEY (`id`),
  UNIQUE KEY `pfid_pfname` (`pfrom_id`,`pfrom_name`)
) ENGINE=InnoDB DEFAULT CHARSET=utf8;

CREATE TABLE `t_ban` (
  `id` int(11) unsigned NOT NULL AUTO_INCREMENT,
  `pfrom_id` smallint(5) unsigned NOT NULL DEFAULT '0' COMMENT '平台id',
  `server_id` int(11) NOT NULL,
  `role_name` varchar(30) NOT NULL,
  `account_name` varchar(60) NOT NULL,
  `level` int(11) NOT NULL,
  `state` tinyint(1) NOT NULL DEFAULT '0',
  `ban_time` datetime NOT NULL,
  `ban_how_long` int(11) DEFAULT NULL,
  `ban_reason` varchar(128) DEFAULT NULL,
  `ban_type` tinyint(1) NOT NULL,
  `ban_detail` varchar(128) DEFAULT NULL,
  `ban_operator` varchar(20) DEFAULT NULL,
  `unban_operator` varchar(20) DEFAULT NULL,
  `unban_time` datetime DEFAULT NULL COMMENT '解封时间',
  `actor_id` int(11) NOT NULL,
  `ban_ip` varchar(20) DEFAULT NULL COMMENT '封禁IP',
  PRIMARY KEY (`id`)
) ENGINE=InnoDB AUTO_INCREMENT=1 DEFAULT CHARSET=utf8;

CREATE TABLE `t_cmd_send_query` (
  `id` int(11) NOT NULL AUTO_INCREMENT,
  `pfrom_id` smallint(1) NOT NULL DEFAULT '1' COMMENT '平台id',
  `server_id` smallint(5) NOT NULL DEFAULT '0' COMMENT '服务器ID',
  `type` tinyint(1) NOT NULL DEFAULT '0' COMMENT '1邮件，2刷指令，3公告',
  `is_pop` tinyint(1) DEFAULT '0' COMMENT '状态 0：未出队列 1: 已出队列',
  `is_send` tinyint(1) DEFAULT '0' COMMENT '状态 0：未发送 1: 已发送',
  `params` text NOT NULL COMMENT 'actormail参数',
  `param_gmcmd` text NOT NULL COMMENT 'gmcmd参数',
  `ext_1` varchar(10) NOT NULL DEFAULT '' COMMENT '扩展参数',
  PRIMARY KEY (`id`)
) ENGINE=InnoDB DEFAULT CHARSET=utf8;

CREATE TABLE `t_dkm_config` (
  `id` int(10) unsigned NOT NULL AUTO_INCREMENT,
  `pfrom_id` int(10) unsigned NOT NULL DEFAULT '0' COMMENT '平台ID',
  `channel_id` int(10) NOT NULL DEFAULT '0' COMMENT '渠道ID',
  `server_id` int(10) unsigned NOT NULL COMMENT '服务器ID，0位默认配置',
  `img_url` varchar(100) NOT NULL DEFAULT '' COMMENT '图片URL',
  `qq` int(20) unsigned NOT NULL COMMENT 'QQ号',
  `content` varchar(255) NOT NULL DEFAULT '' COMMENT '文字内容',
  PRIMARY KEY (`id`)
) ENGINE=InnoDB DEFAULT CHARSET=utf8 ROW_FORMAT=DYNAMIC;

CREATE TABLE `t_error_log` (
  `id` int(11) NOT NULL AUTO_INCREMENT,
  `operator` varchar(30) NOT NULL,
  `logdate` datetime NOT NULL,
  `error_log` text,
  PRIMARY KEY (`id`)
) ENGINE=InnoDB DEFAULT CHARSET=utf8;

CREATE TABLE `t_fightvalue_dot` (
  `id` int(11) unsigned NOT NULL AUTO_INCREMENT,
  `pfrom_id` smallint(5) unsigned NOT NULL DEFAULT '1' COMMENT '平台id',
  `server_id` int(11) NOT NULL DEFAULT '0' COMMENT '玩家所在的服务器编号',
  `actorid` int(11) unsigned NOT NULL DEFAULT '0' COMMENT '角色ID',
  `actorname` varchar(32) NOT NULL COMMENT '角色名',
  `accountname` varchar(80) NOT NULL COMMENT '账户名',
  `fightvalue` int(11) NOT NULL DEFAULT '0' COMMENT '战斗力',
  `dot_date` datetime NOT NULL DEFAULT '0000-00-00 00:00:00' COMMENT '统计日期',
  PRIMARY KEY (`id`),
  KEY `pfrom_id_server_id_date` (`pfrom_id`,`server_id`,`dot_date`) USING BTREE
) ENGINE=InnoDB DEFAULT CHARSET=utf8;

CREATE TABLE `t_games_notice` (
  `id` int(10) NOT NULL AUTO_INCREMENT,
  `pfrom_id` int(11) NOT NULL DEFAULT '0' COMMENT '平台id',
  `channel_id` int(10) unsigned NOT NULL DEFAULT '0' COMMENT '渠道id',
  `server_id` int(5) NOT NULL DEFAULT '0' COMMENT '区服id',
  `type` tinyint(1) NOT NULL DEFAULT '0' COMMENT '0:入口公告;1:游戏内公告',
  `content` text NOT NULL COMMENT '公告内容',
  `notice_versions` smallint(5) NOT NULL DEFAULT '0' COMMENT '公告版本',
  `notice_date` date NOT NULL DEFAULT '0000-00-00' COMMENT '公告时间',
  PRIMARY KEY (`id`)
) ENGINE=InnoDB AUTO_INCREMENT=1 DEFAULT CHARSET=utf8;

CREATE TABLE `t_gm_log` (
  `id` int(11) NOT NULL AUTO_INCREMENT,
  `accountname` varchar(80) NOT NULL COMMENT '玩家账号',
  `operator` varchar(32) NOT NULL COMMENT '操作者',
  `serverid` varchar(30) NOT NULL COMMENT '服务器ID',
  `status` tinyint(1) DEFAULT NULL COMMENT '状态 0：未发送 1: 已发送 2: 审核中',
  `logdate` datetime NOT NULL COMMENT '记录时间',
  PRIMARY KEY (`id`)
) ENGINE=InnoDB DEFAULT CHARSET=utf8;

CREATE TABLE `t_gmcmd_log` (
  `cmdid` int(11) NOT NULL COMMENT '回调cmdid',
  `cmd` varchar(32) NOT NULL,
  `execute_servers` text NOT NULL COMMENT '执行指令的服务器',
  `skip_servers` text COMMENT '回调响应的服务器',
  `operator` varchar(32) NOT NULL COMMENT '操作者',
  `update_time` datetime NOT NULL COMMENT '刷新结果时间',
  `logdate` datetime NOT NULL COMMENT '记录时间',
  PRIMARY KEY (`cmdid`)
) ENGINE=InnoDB DEFAULT CHARSET=utf8;

CREATE TABLE `t_guide` (
  `id` bigint(20) NOT NULL AUTO_INCREMENT,
  `actorname` varchar(16) DEFAULT NULL COMMENT '玩家角色名',
  `logdate` datetime NOT NULL,
  `serverid` int(11) NOT NULL,
  PRIMARY KEY (`id`)
) ENGINE=InnoDB AUTO_INCREMENT=1 DEFAULT CHARSET=utf8;

CREATE TABLE `t_inner_account` (
  `id` int(11) unsigned NOT NULL AUTO_INCREMENT,
  `actorid` int(11) unsigned NOT NULL DEFAULT '0' COMMENT '角色ID',
  `pfrom_id` smallint(5) unsigned NOT NULL DEFAULT '1' COMMENT '平台id',
  `actorname` varchar(32) DEFAULT NULL COMMENT '角色名',
  `accountname` varchar(80) DEFAULT NULL COMMENT '账户名',
  `truename` varchar(10) DEFAULT NULL COMMENT '真实姓名',
  `position` varchar(32) DEFAULT NULL COMMENT '职位',
  `nonbindyuanbao` int(11) DEFAULT '0' COMMENT '身上元宝',
  `dealyuanbao` int(11) DEFAULT '0' COMMENT '交易元宝消耗',
  `consignmentyuanbao` int(11) DEFAULT '0' COMMENT '寄售元宝消耗',
  `gmsendyuanbao` int(11) DEFAULT '0' COMMENT '累计发放元宝',
  `lastlogouttime` int(11) DEFAULT '0' COMMENT '未登录天数',
  `serverid` int(11) DEFAULT '0' COMMENT '玩家所在的服务器编号',
  `status` tinyint(1) DEFAULT NULL COMMENT '状态 1:有效 0:无效',
  `createtime` date DEFAULT NULL,
  PRIMARY KEY (`id`)
) ENGINE=InnoDB DEFAULT CHARSET=utf8;

CREATE TABLE `t_inner_account2` (
  `id` int(11) unsigned NOT NULL AUTO_INCREMENT,
  `actorid` int(11) unsigned NOT NULL DEFAULT '0' COMMENT '角色ID',
  `pfrom_id` smallint(5) unsigned NOT NULL DEFAULT '1' COMMENT '平台id',
  `actorname` varchar(32) DEFAULT NULL COMMENT '角色名',
  `accountname` varchar(80) DEFAULT NULL COMMENT '账户名',
  `truename` varchar(10) DEFAULT NULL COMMENT '真实姓名',
  `position` varchar(32) DEFAULT NULL COMMENT '职位',
  `nonbindyuanbao` int(11) DEFAULT '0' COMMENT '身上元宝',
  `dealyuanbao` int(11) DEFAULT '0' COMMENT '交易元宝消耗',
  `consignmentyuanbao` int(11) DEFAULT '0' COMMENT '寄售元宝消耗',
  `gmsendyuanbao` int(11) DEFAULT '0' COMMENT '累计发放元宝',
  `lastlogouttime` int(11) DEFAULT '0' COMMENT '未登录天数',
  `serverid` int(11) DEFAULT '0' COMMENT '玩家所在的服务器编号',
  `status` tinyint(1) DEFAULT NULL COMMENT '状态 1:有效 0:无效',
  `createtime` date DEFAULT NULL,
  PRIMARY KEY (`id`)
) ENGINE=InnoDB DEFAULT CHARSET=utf8;

CREATE TABLE `t_inner_mail` (
  `id` int(11) unsigned NOT NULL AUTO_INCREMENT,
  `pfrom_id` smallint(5) unsigned NOT NULL DEFAULT '0' COMMENT '平台id',
  `actorname` varchar(32) NOT NULL COMMENT '玩家名',
  `actorid` int(11) NOT NULL DEFAULT '0' COMMENT '邮件主人的ID',
  `accountname` varchar(32) NOT NULL COMMENT '玩家账号',
  `serverid` int(11) NOT NULL COMMENT '服务器ID',
  `mailid` bigint(20) NOT NULL DEFAULT '0' COMMENT '邮件ID',
  `truename` varchar(10) DEFAULT NULL COMMENT '真实姓名',
  `position` varchar(32) DEFAULT NULL COMMENT '职位',
  `count` int(11) NOT NULL COMMENT '数量',
  `gm` varchar(30) NOT NULL COMMENT '发送人',
  `logdate` datetime NOT NULL COMMENT '发送时间',
  `checkdate` datetime DEFAULT NULL COMMENT '审核时间',
  `type` tinyint(1) DEFAULT NULL,
  `status` tinyint(1) DEFAULT NULL,
  `conditions` varchar(512) DEFAULT NULL,
  `items_str` varchar(60) DEFAULT NULL,
  `audit_name` varchar(32) DEFAULT NULL COMMENT '审核人',
  `bonusyuanbao` int(11) DEFAULT '0' COMMENT '奖金发放元宝',
  PRIMARY KEY (`id`)
) ENGINE=InnoDB DEFAULT CHARSET=utf8;

CREATE TABLE `t_ip_access` (
  `id` int(11) unsigned NOT NULL AUTO_INCREMENT,
  `ip` varchar(15) NOT NULL,
  PRIMARY KEY (`id`),
  KEY `ip` (`ip`)
) ENGINE=InnoDB DEFAULT CHARSET=utf8;

CREATE TABLE `t_log_admin` (
  `id` int(11) NOT NULL AUTO_INCREMENT,
  `admin_id` int(11) NOT NULL DEFAULT '0' COMMENT '管理员ID',
  `admin_name` varchar(50) NOT NULL DEFAULT '' COMMENT '管理员帐号名',
  `admin_ip` varchar(15) NOT NULL DEFAULT '',
  `user_id` int(11) NOT NULL DEFAULT '0' COMMENT '操作的角色ID',
  `user_name` varchar(50) NOT NULL DEFAULT '',
  `mtime` int(11) NOT NULL DEFAULT '0',
  `mtype` int(11) NOT NULL DEFAULT '0' COMMENT '操作类型',
  `mdetail` text NOT NULL COMMENT '操作内容',
  `number` int(11) NOT NULL DEFAULT '0' COMMENT '数量',
  `desc` varchar(5000) NOT NULL DEFAULT '' COMMENT '详细使用说明',
  PRIMARY KEY (`id`)
) ENGINE=InnoDB DEFAULT CHARSET=utf8 COMMENT='管理后台的日志表';

CREATE TABLE `t_log_feedback` (
  `id` int(10) unsigned NOT NULL AUTO_INCREMENT,
  `pfrom_id` smallint(5) unsigned NOT NULL DEFAULT '0',
  `server_id` smallint(5) unsigned NOT NULL DEFAULT '0',
  `actorid` int(10) unsigned NOT NULL DEFAULT '0' COMMENT '角色id',
  `actorname` varchar(128) NOT NULL DEFAULT '' COMMENT '角色名',
  `feed_content` varchar(255) NOT NULL DEFAULT '' COMMENT '提交内容',
  `add_date` timestamp NOT NULL DEFAULT CURRENT_TIMESTAMP ON UPDATE CURRENT_TIMESTAMP COMMENT '提交时间',
  `reply_content` varchar(255) NOT NULL DEFAULT '' COMMENT '回复内容',
  `replay_date` timestamp NOT NULL DEFAULT '0000-00-00 00:00:00' COMMENT '回复时间',
  `gm` varchar(32) NOT NULL DEFAULT '' COMMENT '操作人',
  `status` tinyint(1) NOT NULL DEFAULT '0' COMMENT '状态',
  PRIMARY KEY (`id`)
) ENGINE=InnoDB DEFAULT CHARSET=utf8;

CREATE TABLE `t_log_flower` (
  `id` int(11) NOT NULL AUTO_INCREMENT,
  `actorid` int(11) NOT NULL COMMENT '玩家ID',
  `cnt` int(6) DEFAULT NULL COMMENT '送花数量',
  `time` int(11) NOT NULL COMMENT '当天时间戮',
  PRIMARY KEY (`id`),
  UNIQUE KEY `index_actorid_time` (`actorid`,`time`),
  KEY `index_actorid` (`actorid`),
  KEY `index_time` (`time`)
) ENGINE=InnoDB DEFAULT CHARSET=utf8 COMMENT='送花记录表';

CREATE TABLE `t_notice` (
  `id` bigint(20) unsigned NOT NULL AUTO_INCREMENT,
  `pfrom_id` smallint(5) unsigned NOT NULL DEFAULT '0' COMMENT '平台id',
  `serverid` int(11) DEFAULT '0' COMMENT '服务器ID',
  `cmd` varchar(255) DEFAULT NULL COMMENT '命令名称',
  `content` varchar(255) DEFAULT NULL COMMENT '公告内容',
  `noticedate` datetime NOT NULL,
  `allnotice` tinyint(1) NOT NULL DEFAULT '0' COMMENT '0:普通公告 1:全服公告',
  `starttime` datetime NOT NULL COMMENT '开始时间',
  `endtime` datetime NOT NULL COMMENT '结束时间',
  `status` varchar(32) NOT NULL DEFAULT '0' COMMENT '公告状态',
  `gm` varchar(32) NOT NULL DEFAULT '' COMMENT '操作人',
  `interval` int(10) NOT NULL DEFAULT '0',
  PRIMARY KEY (`id`)
) ENGINE=InnoDB AUTO_INCREMENT=1 DEFAULT CHARSET=utf8;

CREATE TABLE `t_send_goods` (
  `id` int(11) unsigned NOT NULL AUTO_INCREMENT,
  `pfrom_id` smallint(5) unsigned NOT NULL DEFAULT '1' COMMENT '平台ID',
  `actorname` varchar(30) NOT NULL DEFAULT '',
  `actorid` int(11) NOT NULL DEFAULT '0',
  `serverid` int(11) NOT NULL DEFAULT '0',
  `num` int(11) NOT NULL DEFAULT '1',
  `gm` varchar(30) NOT NULL DEFAULT '',
  `logdate` datetime NOT NULL,
  `item` varchar(255) NOT NULL DEFAULT '' COMMENT '发放物品',
  `type` tinyint(4) NOT NULL DEFAULT '0' COMMENT '1 普通月卡 2 至尊月卡',
  PRIMARY KEY (`id`)
) ENGINE=InnoDB AUTO_INCREMENT=1 DEFAULT CHARSET=utf8 COMMENT='月卡积分全服奖励';

CREATE TABLE `t_send_mail` (
  `id` int(11) unsigned NOT NULL AUTO_INCREMENT,
  `pfrom_id` smallint(5) unsigned NOT NULL DEFAULT '0' COMMENT '平台ID',
  `actorname` varchar(128) NOT NULL DEFAULT '' COMMENT '玩家名',
  `serverid` varchar(30) NOT NULL COMMENT '服务器ID',
  `items` varchar(255) DEFAULT '' COMMENT '物品详情',
  `mailid` bigint(20) unsigned NOT NULL DEFAULT '0' COMMENT '邮件ID',
  `context` varchar(1024) DEFAULT '' COMMENT '邮件内容',
  `gm` varchar(30) NOT NULL COMMENT '发送人',
  `logdate` datetime NOT NULL COMMENT '发送时间',
  `type` tinyint(1) DEFAULT '0' COMMENT '邮件类型 0：私人 1：全服',
  `status` tinyint(1) DEFAULT '2' COMMENT '邮件状态 0：未发送 1: 已发送 2: 审核中',
  `conditions` varchar(512) DEFAULT '' COMMENT '赠送条件',
  `items_str` varchar(255) DEFAULT '' COMMENT '物品详情，用以邮件审核后发送',
  `actorid` int(11) NOT NULL DEFAULT '0' COMMENT '邮件主人的ID',
  `reason` varchar(1024) DEFAULT '' COMMENT '邮件备注',
  `guildid` int(11) NOT NULL DEFAULT '0' COMMENT '仙宗id',
  `flag` tinyint(1) NOT NULL DEFAULT '0' COMMENT '0文字邮件，物品邮件',
  `audit_name` varchar(32) NOT NULL DEFAULT '' COMMENT '审核人',
  PRIMARY KEY (`id`),
  KEY `actorname` (`actorname`),
  KEY `pfrom_id_server_id` (`pfrom_id`,`serverid`)
) ENGINE=InnoDB AUTO_INCREMENT=1 DEFAULT CHARSET=utf8;

CREATE TABLE `t_send_vip` (
  `id` int(11) unsigned NOT NULL AUTO_INCREMENT,
  `pfrom_id` smallint(5) unsigned NOT NULL DEFAULT '0' COMMENT '平台ID',
  `actorname` varchar(30) NOT NULL,
  `accountname` varchar(60) NOT NULL,
  `serverid` varchar(30) NOT NULL,
  `gold` int(11) NOT NULL,
  `state` tinyint(1) NOT NULL DEFAULT '0',
  `gm` varchar(30) NOT NULL,
  `logdate` datetime NOT NULL,
  PRIMARY KEY (`id`)
) ENGINE=InnoDB AUTO_INCREMENT=1 DEFAULT CHARSET=utf8;

CREATE TABLE `t_server_apply` (
  `id` int(10) unsigned NOT NULL AUTO_INCREMENT,
  `pfrom_id` smallint(5) unsigned NOT NULL DEFAULT '1' COMMENT '平台ID',
  `server_id` int(10) unsigned NOT NULL DEFAULT '0' COMMENT '区服ID',
  `server_name` varchar(50) NOT NULL DEFAULT '' COMMENT '服务器名',
  `apply_name` varchar(50) NOT NULL DEFAULT '' COMMENT '申请人',
  `apply_date` datetime NOT NULL COMMENT '申请时间',
  `onlinedate` date NOT NULL COMMENT '开服时间',
  `checks` tinyint(1) unsigned NOT NULL DEFAULT '2' COMMENT '平台审核:1通过,2审核中,3不通过',
  `done` tinyint(1) unsigned NOT NULL DEFAULT '2' COMMENT '运维配置:1通过,2准备中,3不通过',
  PRIMARY KEY (`id`)
) ENGINE=InnoDB DEFAULT CHARSET=utf8;

CREATE TABLE `t_server_apply_info` (
  `id` int(11) NOT NULL AUTO_INCREMENT,
  `main_server_id` int(11) NOT NULL DEFAULT '0' COMMENT '主服务器id',
  `server_id_list` varchar(50) NOT NULL DEFAULT '' COMMENT '服务器id列表',
  `from_server_id_list` varchar(500) NOT NULL DEFAULT '' COMMENT '从属服务器列表',
  `state` tinyint(4) NOT NULL DEFAULT '1' COMMENT '1 未 确认 3 成功 4 失败',
  `merge_time` int(11) NOT NULL DEFAULT '0' COMMENT '合服时间',
  `start_state` tinyint(4) NOT NULL DEFAULT '1' COMMENT '1 未发送指令 2 已发送指令 3 启动成功 4 启动失败',
  `stop_state` tinyint(4) NOT NULL DEFAULT '1' COMMENT '1 未发送指令 2 已发送指令 3停服成功 4停服失败',
  `add_time` int(11) NOT NULL DEFAULT '0' COMMENT '添加时间',
  PRIMARY KEY (`id`)
) ENGINE=InnoDB DEFAULT CHARSET=utf8 COMMENT='合服信息列表';

CREATE TABLE `t_server_apply_merge` (
  `id` int(11) NOT NULL AUTO_INCREMENT,
  `server_id` int(11) NOT NULL DEFAULT '0' COMMENT '服务器id',
  `pfrom_id` int(11) NOT NULL DEFAULT '0' COMMENT '服务器id',
  `state` tinyint(4) NOT NULL DEFAULT '1' COMMENT '合服状态 1 审核中 3 合服成功',
  `opmen` varchar(50) NOT NULL DEFAULT '' COMMENT '操作人',
  `add_time` int(11) NOT NULL DEFAULT '0' COMMENT '添加时间',
  `info_id` int(11) NOT NULL DEFAULT '0' COMMENT 't_server_apply_info 里面的id ',
  PRIMARY KEY (`id`)
) ENGINE=InnoDB DEFAULT CHARSET=utf8 COMMENT='合服申请记录';

CREATE TABLE `t_server_apply_stop` (
  `id` int(11) NOT NULL AUTO_INCREMENT,
  `server_id` int(11) NOT NULL,
  `stop_state` tinyint(4) NOT NULL DEFAULT '1',
  `apply_id` int(11) NOT NULL DEFAULT '0' COMMENT '合服信息表id',
  PRIMARY KEY (`id`)
) ENGINE=InnoDB DEFAULT CHARSET=utf8;

CREATE TABLE `t_server_config` (
  `id` int(10) unsigned NOT NULL AUTO_INCREMENT,
  `server_id` int(10) unsigned NOT NULL DEFAULT '0' COMMENT '区服ID',
  `pfrom_id` smallint(5) unsigned NOT NULL DEFAULT '1' COMMENT '平台ID',
  `ip` varchar(128) DEFAULT '' COMMENT '游戏数据库ip',
  `port` int(11) NOT NULL DEFAULT '80',
  `dbuser` varchar(50) DEFAULT 'root',
  `dbpwd` varchar(100) DEFAULT '0987abc123',
  `dbname` varchar(50) DEFAULT NULL COMMENT 'actor库名',
  `md5` varchar(50) DEFAULT NULL,
  `onlinedate` date DEFAULT NULL COMMENT '开服时间',
  `pre_onlinedate` datetime DEFAULT NULL COMMENT '预开服时间',
  `available` tinyint(1) NOT NULL DEFAULT '2' COMMENT '0合服1现服2未开3特殊服',
  `entranceUrl` varchar(200) DEFAULT NULL COMMENT '入口地址',
  `name` varchar(128) DEFAULT NULL COMMENT '区服',
  `dblogname` varchar(50) DEFAULT NULL COMMENT '日志库的名称',
  `mergedate` date DEFAULT '0000-00-00' COMMENT '合服时间',
  `merge_id` int(10) DEFAULT '0' COMMENT '合服ID',
  `server_status` tinyint(1) NOT NULL DEFAULT '0' COMMENT '0:无状态 1:新服 2:火爆',
  `route_ip` varchar(128) DEFAULT NULL COMMENT '游戏服ip',
  `route_port` varchar(100) DEFAULT NULL COMMENT '游戏服端口',
  PRIMARY KEY (`id`)
) ENGINE=InnoDB AUTO_INCREMENT=1 DEFAULT CHARSET=utf8;

CREATE TABLE `t_server_maintain` (
  `id` int(11) NOT NULL AUTO_INCREMENT,
  `servers` varchar(1024) NOT NULL COMMENT '维护服务器ID',
  `bbs` varchar(1024) NOT NULL COMMENT '论坛地址',
  `during` varchar(255) NOT NULL COMMENT '维护时间',
  `gm` varchar(32) NOT NULL COMMENT '操作者',
  `logdate` datetime NOT NULL COMMENT '记录时间',
  PRIMARY KEY (`id`),
  KEY `id` (`id`)
) ENGINE=InnoDB DEFAULT CHARSET=utf8 COMMENT='服务器维护公告';

CREATE TABLE `t_server_mix_config` (
  `id` int(10) unsigned NOT NULL AUTO_INCREMENT,
  `server_id` int(10) unsigned NOT NULL DEFAULT '0' COMMENT '区服ID',
  `pfrom_id` smallint(5) unsigned NOT NULL DEFAULT '1' COMMENT '平台ID',
  PRIMARY KEY (`id`)
) ENGINE=InnoDB DEFAULT CHARSET=utf8;

CREATE TABLE `t_servercmd_log` (
  `cmdid` int(11) NOT NULL COMMENT '回调cmdid',
  `execute_servers` text NOT NULL COMMENT '执行指令的服务器',
  `callback_servers` text COMMENT '回调响应的服务器',
  `operater` varchar(32) NOT NULL COMMENT '操作者',
  `update_time` datetime NOT NULL COMMENT '刷新结果时间',
  `logdate` datetime NOT NULL COMMENT '记录时间',
  PRIMARY KEY (`cmdid`)
) ENGINE=InnoDB DEFAULT CHARSET=utf8;

CREATE TABLE `t_vip_service` (
  `id` int(10) unsigned NOT NULL AUTO_INCREMENT,
  `pf_id` int(10) unsigned NOT NULL COMMENT '平台id',
  `channel_id` int(10) unsigned NOT NULL COMMENT '渠道id',
  `server_id` int(10) unsigned NOT NULL DEFAULT '0' COMMENT '区服id',
  `qq` char(20) NOT NULL COMMENT 'qq号',
  `img_url` varchar(255) NOT NULL DEFAULT '' COMMENT '图片地址',
  `nickname` varchar(32) NOT NULL DEFAULT '' COMMENT '昵称',
  PRIMARY KEY (`id`),
  UNIQUE KEY `t_vip_pf_id_channel_id_server_id_uindex` (`pf_id`,`channel_id`,`server_id`)
) ENGINE=InnoDB AUTO_INCREMENT=1 DEFAULT CHARSET=utf8;

CREATE TABLE `t_warning_contacts` (
`id`  int NOT NULL AUTO_INCREMENT ,
`telgroup`  varchar(32) NOT NULL COMMENT '灵犀电话组' ,
`wx`  varchar(255) NOT NULL COMMENT '微信openId' ,
`email`  varchar(128) NOT NULL COMMENT '邮箱' ,
`type`  tinyint(2) NOT NULL DEFAULT 0 COMMENT '报警类型（1：waring，2：notice）' ,
PRIMARY KEY (`id`)
)ENGINE=InnoDB AUTO_INCREMENT=1 DEFAULT CHARSET=utf8;

